product_id,product_name,category,stock_date,expiry_date,storage_type,store_id,location,latitude,longitude,temperature_c,humidity_percent,spoilage
PROD-1001,Chicken,Meat,2025-06-26T20:07:43.866028,2025-06-30T20:07:43.866028,Refrigerated,CHE-02,Chennai,13.0789,80.2247,-2.7,100,1
PROD-1002,Canned Beans,Pantry,2025-07-03T20:07:43.866028,2026-08-24T20:07:43.866028,Ambient,BLR-02,Bangalore,12.9288,77.5794,9.1,74.7,0
PROD-1003,Milk,Dairy,2025-07-07T20:07:43.866028,2025-07-17T20:07:43.866028,Refrigerated,CHE-01,Chennai,13.1268,80.2445,1.5,100,0
PROD-1004,Bread,Bakery,2025-07-09T20:07:43.866028,2025-07-12T20:07:43.866028,Ambient,KOL-01,Kolkata,22.5262,88.3338,20.0,90.6,0
PROD-1005,Milk,Dairy,2025-07-07T20:07:43.866028,2025-07-16T20:07:43.866028,Refrigerated,BLR-01,Bangalore,12.9506,77.6423,2.8,100,0
PROD-1006,Bread,Bakery,2025-07-06T20:07:43.866028,2025-07-07T20:07:43.866028,Ambient,MUM-02,Mumbai,19.1219,72.893,16.9,84.6,0
PROD-1007,Bread,Bakery,2025-07-10T20:07:43.866028,2025-07-12T20:07:43.866028,Ambient,DEL-02,Delhi,28.6862,77.0714,23.9,99.9,0
PROD-1008,Canned Beans,Pantry,2025-06-25T20:07:43.866028,2026-08-05T20:07:43.866028,Ambient,CHE-02,Chennai,13.1222,80.247,14.4,76.5,0
PROD-1009,Canned Beans,Pantry,2025-06-28T20:07:43.866028,2026-02-27T20:07:43.866028,Ambient,BLR-02,Bangalore,13.005,77.5686,19.1,83.9,0
PROD-1010,Bread,Bakery,2025-07-08T20:07:43.866028,2025-07-11T20:07:43.866028,Ambient,KOL-01,Kolkata,22.5812,88.3205,21.5,76.5,0
PROD-1011,Canned Beans,Pantry,2025-06-17T20:07:43.866028,2026-09-03T20:07:43.866028,Ambient,CHE-01,Chennai,13.1187,80.2897,13.9,62.4,0
PROD-1012,Bread,Bakery,2025-07-09T20:07:43.866028,2025-07-11T20:07:43.866028,Ambient,BLR-01,Bangalore,12.9242,77.6116,21.4,89.4,0
PROD-1013,Canned Beans,Pantry,2025-06-23T20:07:43.866028,2026-04-30T20:07:43.866028,Ambient,BLR-01,Bangalore,12.9741,77.5814,17.6,70.6,0
PROD-1014,Bread,Bakery,2025-07-07T20:07:43.866028,2025-07-09T20:07:43.866028,Ambient,BLR-02,Bangalore,12.9568,77.6099,23.1,78.4,0
PROD-1015,Canned Beans,Pantry,2025-06-28T20:07:43.866028,2026-05-27T20:07:43.866028,Ambient,CHE-01,Chennai,13.0388,80.2671,16.6,75.9,0
PROD-1016,Fish,Seafood,2025-06-29T20:07:43.866028,2025-07-18T20:07:43.866028,Frozen,DEL-02,Delhi,28.7186,77.0821,-16.6,99.7,0
PROD-1017,Bread,Bakery,2025-07-07T20:07:43.866028,2025-07-08T20:07:43.866028,Ambient,DEL-02,Delhi,28.6908,77.068,19.7,94.3,1
PROD-1018,Milk,Dairy,2025-07-06T20:07:43.866028,2025-07-14T20:07:43.866028,Refrigerated,BLR-02,Bangalore,13.017,77.6237,1.9,100,0
PROD-1019,Milk,Dairy,2025-07-08T20:07:43.866028,2025-07-15T20:07:43.866028,Refrigerated,CHE-02,Chennai,13.071,80.2397,3.4,100,0
PROD-1020,Carrots,Vegetable,2025-07-05T20:07:43.866028,2025-07-18T20:07:43.866028,Refrigerated,KOL-01,Kolkata,22.5444,88.3202,1.2,100,0
PROD-1021,Canned Beans,Pantry,2025-06-16T20:07:43.866028,2026-07-23T20:07:43.866028,Ambient,MUM-02,Mumbai,19.1137,72.8866,13.5,52.7,0
PROD-1022,Milk,Dairy,2025-07-06T20:07:43.866028,2025-07-14T20:07:43.866028,Refrigerated,BLR-01,Bangalore,12.943,77.6173,0.5,100,0
PROD-1023,Eggs,Dairy,2025-07-08T20:07:43.866028,2025-07-30T20:07:43.866028,Refrigerated,KOL-01,Kolkata,22.5342,88.3567,-1.1,100,0
PROD-1024,Milk,Dairy,2025-07-08T20:07:43.866028,2025-07-16T20:07:43.866028,Refrigerated,KOL-01,Kolkata,22.5945,88.3355,0.4,100,0
PROD-1025,Ice Cream,FrozenDessert,2025-06-30T20:07:43.866028,2025-12-24T20:07:43.866028,Frozen,CHE-02,Chennai,13.1037,80.2682,-22.4,81.5,0
PROD-1026,Milk,Dairy,2025-07-06T20:07:43.866028,2025-07-12T20:07:43.866028,Refrigerated,BLR-02,Bangalore,12.9993,77.5458,-0.9,100,0
PROD-1027,Bread,Bakery,2025-07-09T20:07:43.866028,2025-07-12T20:07:43.866028,Ambient,MUM-01,Mumbai,19.1015,72.8673,20.7,92.9,0
PROD-1028,Carrots,Vegetable,2025-06-30T20:07:43.866028,2025-07-16T20:07:43.866028,Refrigerated,CHE-02,Chennai,13.0691,80.2291,-0.1,100,0
PROD-1029,Canned Beans,Pantry,2025-06-21T20:07:43.866028,2026-05-17T20:07:43.866028,Ambient,CHE-02,Chennai,13.0422,80.3052,15.7,74.5,1
PROD-1030,Bread,Bakery,2025-07-10T20:07:43.866028,2025-07-12T20:07:43.866028,Ambient,DEL-02,Delhi,28.7403,77.07,18.9,94.3,0
PROD-1031,Bread,Bakery,2025-07-08T20:07:43.866028,2025-07-11T20:07:43.866028,Ambient,CHE-01,Chennai,13.1059,80.2877,21.6,91.5,0
PROD-1032,Eggs,Dairy,2025-07-06T20:07:43.866028,2025-07-23T20:07:43.866028,Refrigerated,MUM-02,Mumbai,19.029,72.9187,-6.8,100,0
PROD-1033,Eggs,Dairy,2025-07-09T20:07:43.866028,2025-07-27T20:07:43.866028,Refrigerated,DEL-01,Delhi,28.7167,77.1084,0.6,100,1
PROD-1034,Bread,Bakery,2025-07-08T20:07:43.866028,2025-07-10T20:07:43.866028,Ambient,DEL-02,Delhi,28.7212,77.0647,18.6,96.5,0
PROD-1035,Milk,Dairy,2025-07-10T20:07:43.866028,2025-07-17T20:07:43.866028,Refrigerated,DEL-02,Delhi,28.6701,77.1487,0.5,100,1
PROD-1036,Bread,Bakery,2025-07-10T20:07:43.866028,2025-07-11T20:07:43.866028,Ambient,MUM-03,Mumbai,19.1022,72.8667,19.6,89.7,1
PROD-1037,Ice Cream,FrozenDessert,2025-06-17T20:07:43.866028,2025-12-17T20:07:43.866028,Frozen,CHE-01,Chennai,13.0618,80.2977,-20.9,92.3,1
PROD-1038,Ice Cream,FrozenDessert,2025-07-05T20:07:43.866028,2025-11-02T20:07:43.866028,Frozen,CHE-02,Chennai,13.1078,80.2914,-23.2,85.7,1
PROD-1039,Chicken,Meat,2025-07-02T20:07:43.866028,2025-07-07T20:07:43.866028,Refrigerated,KOL-01,Kolkata,22.562,88.3141,2.1,100,0
PROD-1040,Carrots,Vegetable,2025-06-22T20:07:43.866028,2025-06-30T20:07:43.866028,Refrigerated,MUM-03,Mumbai,19.1018,72.8902,3.9,100,1
PROD-1041,Chicken,Meat,2025-06-24T20:07:43.866028,2025-06-29T20:07:43.866028,Refrigerated,CHE-02,Chennai,13.1158,80.2656,-0.2,100,1
PROD-1042,Carrots,Vegetable,2025-07-05T20:07:43.866028,2025-07-20T20:07:43.866028,Refrigerated,DEL-01,Delhi,28.6703,77.0547,-0.6,100,0
PROD-1043,Carrots,Vegetable,2025-06-25T20:07:43.866028,2025-07-07T20:07:43.866028,Refrigerated,KOL-01,Kolkata,22.5989,88.3335,0.3,100,0
PROD-1044,Bread,Bakery,2025-07-06T20:07:43.866028,2025-07-08T20:07:43.866028,Ambient,DEL-02,Delhi,28.7352,77.0962,22.6,92.2,1
PROD-1045,Bread,Bakery,2025-07-07T20:07:43.866028,2025-07-09T20:07:43.866028,Ambient,KOL-01,Kolkata,22.5405,88.3683,20.8,88.7,0
PROD-1046,Canned Beans,Pantry,2025-07-04T20:07:43.866028,2026-12-26T20:07:43.866028,Ambient,KOL-01,Kolkata,22.5308,88.4088,14.4,71.1,0
PROD-1047,Canned Beans,Pantry,2025-07-03T20:07:43.866028,2026-07-24T20:07:43.866028,Ambient,CHE-01,Chennai,13.0701,80.2771,14.0,62.7,0
PROD-1048,Bread,Bakery,2025-07-06T20:07:43.866028,2025-07-08T20:07:43.866028,Ambient,DEL-02,Delhi,28.6909,77.1039,18.0,87.7,0
PROD-1049,Canned Beans,Pantry,2025-06-23T20:07:43.866028,2026-08-01T20:07:43.866028,Ambient,CHE-01,Chennai,13.1003,80.3169,12.7,61.3,0
PROD-1050,Fish,Seafood,2025-06-28T20:07:43.866028,2025-07-23T20:07:43.866028,Frozen,BLR-01,Bangalore,12.9453,77.6033,-15.2,100,1
PROD-1051,Bread,Bakery,2025-07-11T20:07:43.866028,2025-07-14T20:07:43.866028,Ambient,CHE-01,Chennai,13.1313,80.2502,19.3,93.2,0
PROD-1052,Canned Beans,Pantry,2025-06-24T20:07:43.866028,2026-02-20T20:07:43.866028,Ambient,MUM-03,Mumbai,19.1199,72.8778,21.7,63.8,0
PROD-1053,Eggs,Dairy,2025-07-08T20:07:43.866028,2025-07-23T20:07:43.866028,Refrigerated,CHE-02,Chennai,13.0512,80.2457,2.0,100,0
PROD-1054,Banana,Fruit,2025-06-26T20:07:43.866028,2025-06-30T20:07:43.866028,Ambient,MUM-01,Mumbai,19.0729,72.8753,12.9,100,1
PROD-1055,Bread,Bakery,2025-07-10T20:07:43.866028,2025-07-13T20:07:43.866028,Ambient,CHE-01,Chennai,13.0465,80.2528,22.5,96.4,0
PROD-1056,Fish,Seafood,2025-07-01T20:07:43.866028,2025-08-01T20:07:43.866028,Frozen,CHE-02,Chennai,13.0702,80.3094,-19.8,100,0
PROD-1057,Milk,Dairy,2025-07-07T20:07:43.866028,2025-07-17T20:07:43.866028,Refrigerated,KOL-01,Kolkata,22.5873,88.3843,0.2,100,0
PROD-1058,Canned Beans,Pantry,2025-06-29T20:07:43.866028,2026-05-04T20:07:43.866028,Ambient,KOL-01,Kolkata,22.6106,88.3401,14.6,74.9,0
PROD-1059,Banana,Fruit,2025-07-03T20:07:43.866028,2025-07-06T20:07:43.866028,Ambient,CHE-01,Chennai,13.1303,80.24,17.7,100,1
PROD-1060,Bread,Bakery,2025-07-10T20:07:43.866028,2025-07-12T20:07:43.866028,Ambient,KOL-01,Kolkata,22.6137,88.3642,19.0,82.6,0
PROD-1061,Milk,Dairy,2025-07-08T20:07:43.866028,2025-07-18T20:07:43.866028,Refrigerated,KOL-01,Kolkata,22.5429,88.3188,2.1,100,0
PROD-1062,Canned Beans,Pantry,2025-06-20T20:07:43.866028,2026-02-15T20:07:43.866028,Ambient,DEL-02,Delhi,28.6574,77.0749,19.5,62.4,0
PROD-1063,Bread,Bakery,2025-07-10T20:07:43.866028,2025-07-12T20:07:43.866028,Ambient,KOL-01,Kolkata,22.5541,88.3168,18.9,92.9,0
PROD-1064,Canned Beans,Pantry,2025-07-02T20:07:43.866028,2026-08-13T20:07:43.866028,Ambient,BLR-01,Bangalore,12.9266,77.5485,19.5,73.9,0
PROD-1065,Chicken,Meat,2025-07-04T20:07:43.866028,2025-07-09T20:07:43.866028,Refrigerated,KOL-01,Kolkata,22.5298,88.3997,1.0,100,0
PROD-1066,Bread,Bakery,2025-07-09T20:07:43.866028,2025-07-11T20:07:43.866028,Ambient,KOL-01,Kolkata,22.5884,88.3975,19.8,95.3,0
PROD-1067,Canned Beans,Pantry,2025-06-29T20:07:43.866028,2026-04-14T20:07:43.866028,Ambient,BLR-02,Bangalore,12.9471,77.5734,10.3,77.5,0
PROD-1068,Chicken,Meat,2025-06-25T20:07:43.866028,2025-07-02T20:07:43.866028,Refrigerated,KOL-01,Kolkata,22.5844,88.3291,-2.3,100,0
PROD-1069,Fish,Seafood,2025-06-17T20:07:43.866028,2025-07-12T20:07:43.866028,Frozen,BLR-01,Bangalore,12.9559,77.5643,-17.6,100,0
PROD-1070,Eggs,Dairy,2025-07-09T20:07:43.866028,2025-07-31T20:07:43.866028,Refrigerated,BLR-01,Bangalore,12.9925,77.6212,-0.2,100,0
PROD-1071,Milk,Dairy,2025-07-09T20:07:43.866028,2025-07-17T20:07:43.866028,Refrigerated,BLR-02,Bangalore,12.9335,77.6111,-4.1,100,0
PROD-1072,Canned Beans,Pantry,2025-06-22T20:07:43.866028,2026-08-06T20:07:43.866028,Ambient,KOL-01,Kolkata,22.5994,88.3523,16.6,66.3,0
PROD-1073,Bread,Bakery,2025-07-08T20:07:43.866028,2025-07-10T20:07:43.866028,Ambient,DEL-02,Delhi,28.7495,77.1075,20.4,92.0,0
PROD-1074,Carrots,Vegetable,2025-06-20T20:07:43.866028,2025-07-07T20:07:43.866028,Refrigerated,DEL-02,Delhi,28.7413,77.091,1.6,100,0
PROD-1075,Bread,Bakery,2025-07-09T20:07:43.866028,2025-07-10T20:07:43.866028,Ambient,CHE-02,Chennai,13.1223,80.2604,24.4,81.5,0
PROD-1076,Canned Beans,Pantry,2025-07-01T20:07:43.866028,2026-04-28T20:07:43.866028,Ambient,MUM-02,Mumbai,19.0376,72.8983,13.6,64.9,0
PROD-1077,Bread,Bakery,2025-07-11T20:07:43.866028,2025-07-13T20:07:43.866028,Ambient,DEL-01,Delhi,28.7145,77.1077,20.0,85.6,0
PROD-1078,Bread,Bakery,2025-07-10T20:07:43.866028,2025-07-12T20:07:43.866028,Ambient,MUM-02,Mumbai,19.088,72.8606,18.8,95.8,1
PROD-1079,Bread,Bakery,2025-07-08T20:07:43.866028,2025-07-10T20:07:43.866028,Ambient,DEL-01,Delhi,28.73,77.101,18.9,77.8,0
PROD-1080,Milk,Dairy,2025-07-09T20:07:43.866028,2025-07-16T20:07:43.866028,Refrigerated,CHE-02,Chennai,13.091,80.2679,4.1,100,0
PROD-1081,Bread,Bakery,2025-07-07T20:07:43.866028,2025-07-08T20:07:43.866028,Ambient,BLR-02,Bangalore,12.9894,77.5875,18.8,100,0
PROD-1082,Carrots,Vegetable,2025-06-27T20:07:43.866028,2025-07-17T20:07:43.866028,Refrigerated,KOL-01,Kolkata,22.5311,88.3211,-1.7,100,0
PROD-1083,Canned Beans,Pantry,2025-06-21T20:07:43.866028,2026-08-13T20:07:43.866028,Ambient,CHE-02,Chennai,13.1323,80.272,8.8,39.8,1
PROD-1084,Milk,Dairy,2025-07-10T20:07:43.866028,2025-07-14T20:07:43.866028,Refrigerated,MUM-03,Mumbai,19.069,72.8747,0.3,100,0
PROD-1085,Milk,Dairy,2025-07-09T20:07:43.866028,2025-07-17T20:07:43.866028,Refrigerated,MUM-02,Mumbai,19.06,72.8847,-1.4,100,0
PROD-1086,Carrots,Vegetable,2025-06-21T20:07:43.866028,2025-07-02T20:07:43.866028,Refrigerated,BLR-02,Bangalore,12.9769,77.6379,-1.8,100,0
PROD-1087,Milk,Dairy,2025-07-08T20:07:43.866028,2025-07-16T20:07:43.866028,Refrigerated,BLR-02,Bangalore,12.9274,77.613,0.9,100,0
PROD-1088,Canned Beans,Pantry,2025-06-29T20:07:43.866028,2026-09-30T20:07:43.866028,Ambient,KOL-01,Kolkata,22.5535,88.3203,15.6,65.6,0
PROD-1089,Bread,Bakery,2025-07-07T20:07:43.866028,2025-07-09T20:07:43.866028,Ambient,MUM-02,Mumbai,19.0523,72.8303,16.8,81.5,0
PROD-1090,Canned Beans,Pantry,2025-06-28T20:07:43.866028,2026-06-19T20:07:43.866028,Ambient,CHE-02,Chennai,13.0482,80.3119,16.5,63.4,0
PROD-1091,Canned Beans,Pantry,2025-06-16T20:07:43.866028,2026-03-24T20:07:43.866028,Ambient,DEL-02,Delhi,28.6638,77.1497,20.3,60.3,0
PROD-1092,Milk,Dairy,2025-07-10T20:07:43.866028,2025-07-19T20:07:43.866028,Refrigerated,KOL-01,Kolkata,22.5364,88.3939,1.8,100,0
PROD-1093,Chicken,Meat,2025-06-28T20:07:43.866028,2025-07-02T20:07:43.866028,Refrigerated,BLR-01,Bangalore,12.9939,77.6403,-2.6,100,1
PROD-1094,Canned Beans,Pantry,2025-07-04T20:07:43.866028,2026-08-29T20:07:43.866028,Ambient,MUM-02,Mumbai,19.1047,72.8889,13.4,56.7,0
PROD-1095,Milk,Dairy,2025-07-09T20:07:43.866028,2025-07-17T20:07:43.866028,Refrigerated,CHE-02,Chennai,13.132,80.3074,-0.1,100,0
PROD-1096,Bread,Bakery,2025-07-06T20:07:43.866028,2025-07-08T20:07:43.866028,Ambient,BLR-01,Bangalore,12.9946,77.6101,19.8,91.3,0
PROD-1097,Eggs,Dairy,2025-07-07T20:07:43.866028,2025-07-22T20:07:43.866028,Refrigerated,CHE-02,Chennai,13.0748,80.2921,1.4,100,0
PROD-1098,Bread,Bakery,2025-07-06T20:07:43.866028,2025-07-09T20:07:43.866028,Ambient,CHE-01,Chennai,13.1326,80.2791,20.5,87.0,0
PROD-1099,Milk,Dairy,2025-07-09T20:07:43.866028,2025-07-18T20:07:43.866028,Refrigerated,MUM-01,Mumbai,19.0436,72.8451,1.1,100,0
PROD-1100,Canned Beans,Pantry,2025-07-02T20:07:43.866028,2026-06-06T20:07:43.866028,Ambient,CHE-01,Chennai,13.1141,80.2879,15.1,72.7,0
PROD-1101,Milk,Dairy,2025-07-09T20:07:43.866028,2025-07-15T20:07:43.866028,Refrigerated,CHE-02,Chennai,13.0903,80.2478,1.3,100,1
PROD-1102,Bread,Bakery,2025-07-09T20:07:43.866028,2025-07-11T20:07:43.866028,Ambient,DEL-02,Delhi,28.6542,77.1041,21.1,94.3,0
PROD-1103,Bread,Bakery,2025-07-10T20:07:43.866028,2025-07-12T20:07:43.866028,Ambient,MUM-01,Mumbai,19.0955,72.8488,20.6,91.4,0
PROD-1104,Milk,Dairy,2025-07-10T20:07:43.866028,2025-07-18T20:07:43.866028,Refrigerated,MUM-02,Mumbai,19.0804,72.8505,-0.6,100,0
PROD-1105,Carrots,Vegetable,2025-07-05T20:07:43.866028,2025-07-19T20:07:43.866028,Refrigerated,CHE-02,Chennai,13.124,80.2735,-1.5,100,1
PROD-1106,Bread,Bakery,2025-07-10T20:07:43.866028,2025-07-12T20:07:43.866028,Ambient,BLR-02,Bangalore,12.9424,77.6353,19.8,80.7,0
PROD-1107,Milk,Dairy,2025-07-10T20:07:43.866028,2025-07-19T20:07:43.866028,Refrigerated,MUM-01,Mumbai,19.1242,72.8882,2.2,100,0
PROD-1108,Fish,Seafood,2025-07-05T20:07:43.866028,2025-08-05T20:07:43.866028,Frozen,DEL-02,Delhi,28.6696,77.1102,-20.9,100,1
PROD-1109,Bread,Bakery,2025-07-07T20:07:43.866028,2025-07-09T20:07:43.866028,Ambient,KOL-01,Kolkata,22.563,88.3451,20.6,97.3,0
PROD-1110,Apple,Fruit,2025-06-27T20:07:43.866028,2025-07-16T20:07:43.866028,Refrigerated,KOL-01,Kolkata,22.6088,88.3256,0.3,100,0
PROD-1111,Carrots,Vegetable,2025-07-05T20:07:43.866028,2025-07-21T20:07:43.866028,Refrigerated,DEL-02,Delhi,28.7308,77.1084,-1.8,100,0
PROD-1112,Milk,Dairy,2025-07-07T20:07:43.866028,2025-07-17T20:07:43.866028,Refrigerated,KOL-01,Kolkata,22.5824,88.3472,0.5,100,0
PROD-1113,Bread,Bakery,2025-07-09T20:07:43.866028,2025-07-10T20:07:43.866028,Ambient,MUM-03,Mumbai,19.123,72.8863,19.4,73.6,0
PROD-1114,Bread,Bakery,2025-07-10T20:07:43.866028,2025-07-11T20:07:43.866028,Ambient,MUM-03,Mumbai,19.0994,72.839,21.4,88.5,1
PROD-1115,Bread,Bakery,2025-07-09T20:07:43.866028,2025-07-12T20:07:43.866028,Ambient,CHE-01,Chennai,13.0821,80.2986,22.3,88.0,0
PROD-1116,Milk,Dairy,2025-07-09T20:07:43.866028,2025-07-17T20:07:43.866028,Refrigerated,CHE-02,Chennai,13.0911,80.3164,-0.3,100,0
PROD-1117,Chicken,Meat,2025-07-02T20:07:43.866028,2025-07-07T20:07:43.866028,Refrigerated,DEL-01,Delhi,28.7268,77.1295,1.3,100,1
PROD-1118,Bread,Bakery,2025-07-06T20:07:43.866028,2025-07-08T20:07:43.866028,Ambient,KOL-01,Kolkata,22.5356,88.3653,20.0,93.6,1
PROD-1119,Bread,Bakery,2025-07-10T20:07:43.866028,2025-07-13T20:07:43.866028,Ambient,CHE-01,Chennai,13.0552,80.317,20.7,92.1,1
PROD-1120,Canned Beans,Pantry,2025-07-07T20:07:43.866028,2026-06-06T20:07:43.866028,Ambient,KOL-01,Kolkata,22.5656,88.3541,13.9,63.3,0
PROD-1121,Canned Beans,Pantry,2025-07-06T20:07:43.866028,2026-07-23T20:07:43.866028,Ambient,KOL-01,Kolkata,22.5771,88.3165,17.7,68.0,0
PROD-1122,Bread,Bakery,2025-07-07T20:07:43.866028,2025-07-10T20:07:43.866028,Ambient,DEL-01,Delhi,28.7498,77.1182,22.4,90.4,0
PROD-1123,Canned Beans,Pantry,2025-06-24T20:07:43.866028,2026-02-24T20:07:43.866028,Ambient,CHE-02,Chennai,13.0514,80.2223,12.1,72.4,0
PROD-1124,Canned Beans,Pantry,2025-07-04T20:07:43.866028,2026-08-24T20:07:43.866028,Ambient,CHE-02,Chennai,13.0774,80.2841,15.8,53.0,0
PROD-1125,Bread,Bakery,2025-07-06T20:07:43.866028,2025-07-08T20:07:43.866028,Ambient,KOL-01,Kolkata,22.5887,88.3512,22.9,95.8,0
PROD-1126,Canned Beans,Pantry,2025-06-25T20:07:43.866028,2026-10-16T20:07:43.866028,Ambient,KOL-01,Kolkata,22.5253,88.3284,14.7,65.5,0
PROD-1127,Canned Beans,Pantry,2025-07-03T20:07:43.866028,2026-06-27T20:07:43.866028,Ambient,BLR-02,Bangalore,12.9775,77.579,13.1,68.9,0
PROD-1128,Bread,Bakery,2025-07-07T20:07:43.866028,2025-07-09T20:07:43.866028,Ambient,CHE-01,Chennai,13.1017,80.2818,20.0,93.7,0
PROD-1129,Milk,Dairy,2025-07-10T20:07:43.866028,2025-07-19T20:07:43.866028,Refrigerated,DEL-01,Delhi,28.661,77.0757,-2.3,100,1
PROD-1130,Canned Beans,Pantry,2025-07-02T20:07:43.866028,2026-10-03T20:07:43.866028,Ambient,BLR-01,Bangalore,12.9699,77.6412,14.1,78.8,0
PROD-1131,Bread,Bakery,2025-07-10T20:07:43.866028,2025-07-13T20:07:43.866028,Ambient,KOL-01,Kolkata,22.5597,88.3695,16.9,86.7,0
PROD-1132,Canned Beans,Pantry,2025-07-06T20:07:43.866028,2026-06-15T20:07:43.866028,Ambient,CHE-01,Chennai,13.055,80.2862,14.3,69.6,0
PROD-1133,Milk,Dairy,2025-07-10T20:07:43.866028,2025-07-16T20:07:43.866028,Refrigerated,CHE-02,Chennai,13.1164,80.2304,-0.4,100,0
PROD-1134,Eggs,Dairy,2025-07-06T20:07:43.866028,2025-07-20T20:07:43.866028,Refrigerated,MUM-02,Mumbai,19.1016,72.8798,-0.1,100,0
PROD-1135,Eggs,Dairy,2025-07-10T20:07:43.866028,2025-08-02T20:07:43.866028,Refrigerated,MUM-01,Mumbai,19.0979,72.8721,-0.5,100,1
PROD-1136,Bread,Bakery,2025-07-09T20:07:43.866028,2025-07-12T20:07:43.866028,Ambient,MUM-01,Mumbai,19.0422,72.9118,19.1,94.7,0
PROD-1137,Canned Beans,Pantry,2025-06-29T20:07:43.866028,2026-08-01T20:07:43.866028,Ambient,BLR-01,Bangalore,12.9332,77.5492,15.6,70.9,0
PROD-1138,Canned Beans,Pantry,2025-06-29T20:07:43.866028,2026-12-01T20:07:43.866028,Ambient,KOL-01,Kolkata,22.5419,88.378,15.5,75.0,0
PROD-1139,Milk,Dairy,2025-07-10T20:07:43.866028,2025-07-18T20:07:43.866028,Refrigerated,MUM-01,Mumbai,19.0446,72.8869,0.6,100,0
PROD-1140,Canned Beans,Pantry,2025-06-24T20:07:43.866028,2026-06-15T20:07:43.866028,Ambient,DEL-01,Delhi,28.6687,77.0716,13.9,78.1,0
PROD-1141,Milk,Dairy,2025-07-09T20:07:43.866028,2025-07-19T20:07:43.866028,Refrigerated,BLR-01,Bangalore,12.9714,77.5849,-2.4,100,0
PROD-1142,Milk,Dairy,2025-07-08T20:07:43.866028,2025-07-16T20:07:43.866028,Refrigerated,KOL-01,Kolkata,22.5725,88.3411,2.7,100,1
PROD-1143,Milk,Dairy,2025-07-08T20:07:43.866028,2025-07-18T20:07:43.866028,Refrigerated,CHE-01,Chennai,13.0826,80.2738,2.4,100,0
PROD-1144,Milk,Dairy,2025-07-09T20:07:43.866028,2025-07-17T20:07:43.866028,Refrigerated,CHE-02,Chennai,13.0807,80.3041,2.3,100,0
PROD-1145,Canned Beans,Pantry,2025-07-06T20:07:43.866028,2026-04-01T20:07:43.866028,Ambient,MUM-03,Mumbai,19.1105,72.8802,16.0,61.3,0
PROD-1146,Milk,Dairy,2025-07-07T20:07:43.866028,2025-07-15T20:07:43.866028,Refrigerated,BLR-02,Bangalore,12.9383,77.5672,-3.7,100,0
PROD-1147,Canned Beans,Pantry,2025-06-16T20:07:43.866028,2026-04-16T20:07:43.866028,Ambient,MUM-02,Mumbai,19.0935,72.8726,15.6,68.0,0
PROD-1148,Bread,Bakery,2025-07-09T20:07:43.866028,2025-07-11T20:07:43.866028,Ambient,MUM-01,Mumbai,19.0593,72.8431,20.5,82.1,0
PROD-1149,Bread,Bakery,2025-07-06T20:07:43.866028,2025-07-07T20:07:43.866028,Ambient,MUM-03,Mumbai,19.038,72.9206,17.5,85.4,1
PROD-1150,Ice Cream,FrozenDessert,2025-07-08T20:07:43.866028,2025-10-21T20:07:43.866028,Frozen,MUM-03,Mumbai,19.0608,72.8445,-19.0,85.1,0
PROD-1151,Bread,Bakery,2025-07-09T20:07:43.866028,2025-07-11T20:07:43.866028,Ambient,MUM-01,Mumbai,19.0805,72.9211,22.4,93.5,0
PROD-1152,Carrots,Vegetable,2025-07-01T20:07:43.866028,2025-07-12T20:07:43.866028,Refrigerated,MUM-03,Mumbai,19.0752,72.8319,1.8,100,1
PROD-1153,Milk,Dairy,2025-07-07T20:07:43.866028,2025-07-14T20:07:43.866028,Refrigerated,BLR-02,Bangalore,12.986,77.5882,2.8,100,0
PROD-1154,Milk,Dairy,2025-07-09T20:07:43.866028,2025-07-20T20:07:43.866028,Refrigerated,KOL-01,Kolkata,22.6052,88.3846,1.6,100,0
PROD-1155,Bread,Bakery,2025-07-11T20:07:43.866028,2025-07-12T20:07:43.866028,Ambient,MUM-03,Mumbai,19.0668,72.844,22.6,100,1
PROD-1156,Milk,Dairy,2025-07-09T20:07:43.866028,2025-07-20T20:07:43.866028,Refrigerated,DEL-01,Delhi,28.7326,77.0791,0.2,100,0
PROD-1157,Canned Beans,Pantry,2025-07-03T20:07:43.866028,2026-10-24T20:07:43.866028,Ambient,KOL-01,Kolkata,22.5402,88.3524,14.2,70.3,0
PROD-1158,Eggs,Dairy,2025-07-09T20:07:43.866028,2025-07-20T20:07:43.866028,Refrigerated,MUM-03,Mumbai,19.0793,72.8573,6.1,100,1
PROD-1159,Canned Beans,Pantry,2025-06-30T20:07:43.866028,2026-05-03T20:07:43.866028,Ambient,DEL-01,Delhi,28.7221,77.1468,13.3,78.7,0
PROD-1160,Milk,Dairy,2025-07-10T20:07:43.866028,2025-07-20T20:07:43.866028,Refrigerated,DEL-01,Delhi,28.7061,77.0654,1.9,100,0
PROD-1161,Milk,Dairy,2025-07-08T20:07:43.866028,2025-07-15T20:07:43.866028,Refrigerated,BLR-02,Bangalore,13.0072,77.5709,-3.4,100,0
PROD-1162,Milk,Dairy,2025-07-10T20:07:43.866028,2025-07-16T20:07:43.866028,Refrigerated,CHE-02,Chennai,13.1259,80.2607,2.3,100,0
PROD-1163,Milk,Dairy,2025-07-07T20:07:43.866028,2025-07-15T20:07:43.866028,Refrigerated,MUM-01,Mumbai,19.1222,72.9068,-0.5,100,0
PROD-1164,Milk,Dairy,2025-07-09T20:07:43.866028,2025-07-20T20:07:43.866028,Refrigerated,CHE-01,Chennai,13.1166,80.3198,0.6,100,0
PROD-1165,Milk,Dairy,2025-07-09T20:07:43.866028,2025-07-18T20:07:43.866028,Refrigerated,CHE-01,Chennai,13.1206,80.3187,-0.7,100,0
PROD-1166,Milk,Dairy,2025-07-09T20:07:43.866028,2025-07-19T20:07:43.866028,Refrigerated,KOL-01,Kolkata,22.529,88.3502,1.5,100,0
PROD-1167,Canned Beans,Pantry,2025-06-25T20:07:43.866028,2026-04-14T20:07:43.866028,Ambient,DEL-02,Delhi,28.7061,77.1379,17.5,86.3,0
PROD-1168,Milk,Dairy,2025-07-09T20:07:43.866028,2025-07-20T20:07:43.866028,Refrigerated,MUM-01,Mumbai,19.0338,72.8338,2.4,100,0
PROD-1169,Chicken,Meat,2025-07-01T20:07:43.866028,2025-07-06T20:07:43.866028,Refrigerated,KOL-01,Kolkata,22.6211,88.3527,-0.2,100,0
PROD-1170,Milk,Dairy,2025-07-11T20:07:43.866028,2025-07-19T20:07:43.866028,Refrigerated,DEL-01,Delhi,28.7353,77.0934,-0.3,100,0
PROD-1171,Milk,Dairy,2025-07-08T20:07:43.866028,2025-07-16T20:07:43.866028,Refrigerated,BLR-02,Bangalore,12.9449,77.6121,-1.9,100,0
PROD-1172,Bread,Bakery,2025-07-08T20:07:43.866028,2025-07-10T20:07:43.866028,Ambient,DEL-02,Delhi,28.6692,77.1299,24.7,74.5,1
PROD-1173,Bread,Bakery,2025-07-09T20:07:43.866028,2025-07-11T20:07:43.866028,Ambient,MUM-02,Mumbai,19.0975,72.8593,25.2,100,0
PROD-1174,Milk,Dairy,2025-07-09T20:07:43.866028,2025-07-16T20:07:43.866028,Refrigerated,DEL-02,Delhi,28.7476,77.114,0.9,100,0
PROD-1175,Bread,Bakery,2025-07-10T20:07:43.866028,2025-07-13T20:07:43.866028,Ambient,BLR-01,Bangalore,12.9757,77.5879,17.3,89.4,0
PROD-1176,Bread,Bakery,2025-07-09T20:07:43.866028,2025-07-11T20:07:43.866028,Ambient,DEL-02,Delhi,28.6578,77.1286,17.3,86.0,0
PROD-1177,Milk,Dairy,2025-07-10T20:07:43.866028,2025-07-21T20:07:43.866028,Refrigerated,CHE-01,Chennai,13.1189,80.2516,0.2,100,0
PROD-1178,Canned Beans,Pantry,2025-06-26T20:07:43.866028,2026-12-23T20:07:43.866028,Ambient,MUM-01,Mumbai,19.059,72.8288,13.4,71.2,0
PROD-1179,Apple,Fruit,2025-06-25T20:07:43.866028,2025-07-11T20:07:43.866028,Refrigerated,CHE-01,Chennai,13.117,80.2653,0.2,100,1
PROD-1180,Milk,Dairy,2025-07-09T20:07:43.866028,2025-07-17T20:07:43.866028,Refrigerated,CHE-02,Chennai,13.0697,80.282,0.6,100,0
PROD-1181,Bread,Bakery,2025-07-09T20:07:43.866028,2025-07-12T20:07:43.866028,Ambient,CHE-01,Chennai,13.0427,80.2808,22.8,86.0,0
PROD-1182,Ice Cream,FrozenDessert,2025-06-27T20:07:43.866028,2026-02-06T20:07:43.866028,Frozen,BLR-01,Bangalore,12.9868,77.5868,-22.5,82.3,1
PROD-1183,Milk,Dairy,2025-07-09T20:07:43.866028,2025-07-17T20:07:43.866028,Refrigerated,MUM-02,Mumbai,19.0814,72.859,-1.3,100,1
PROD-1184,Canned Beans,Pantry,2025-06-24T20:07:43.866028,2026-06-29T20:07:43.866028,Ambient,CHE-01,Chennai,13.0746,80.2622,17.3,75.3,0
PROD-1185,Eggs,Dairy,2025-07-05T20:07:43.866028,2025-07-24T20:07:43.866028,Refrigerated,KOL-01,Kolkata,22.5335,88.3531,-2.3,100,0
PROD-1186,Canned Beans,Pantry,2025-06-29T20:07:43.866028,2026-03-03T20:07:43.866028,Ambient,DEL-02,Delhi,28.7327,77.103,23.7,55.0,0
PROD-1187,Milk,Dairy,2025-07-07T20:07:43.866028,2025-07-15T20:07:43.866028,Refrigerated,KOL-01,Kolkata,22.5897,88.3524,0.1,100,0
PROD-1188,Bread,Bakery,2025-07-10T20:07:43.866028,2025-07-11T20:07:43.866028,Ambient,BLR-02,Bangalore,13.016,77.5568,19.3,90.4,0
PROD-1189,Carrots,Vegetable,2025-06-26T20:07:43.866028,2025-07-06T20:07:43.866028,Refrigerated,MUM-03,Mumbai,19.0315,72.9037,-0.6,100,1
PROD-1190,Eggs,Dairy,2025-07-09T20:07:43.866028,2025-07-21T20:07:43.866028,Refrigerated,MUM-02,Mumbai,19.113,72.8969,-3.3,100,1
PROD-1191,Fish,Seafood,2025-06-22T20:07:43.866028,2025-08-08T20:07:43.866028,Frozen,CHE-01,Chennai,13.1151,80.2316,-19.8,100,0
PROD-1192,Bread,Bakery,2025-07-07T20:07:43.866028,2025-07-09T20:07:43.866028,Ambient,MUM-02,Mumbai,19.1206,72.8919,21.4,92.7,1
PROD-1193,Ice Cream,FrozenDessert,2025-07-08T20:07:43.866028,2026-01-25T20:07:43.866028,Frozen,MUM-01,Mumbai,19.067,72.87,-25.3,91.9,0
PROD-1194,Milk,Dairy,2025-07-10T20:07:43.866028,2025-07-21T20:07:43.866028,Refrigerated,DEL-01,Delhi,28.671,77.0958,3.5,100,0
PROD-1195,Milk,Dairy,2025-07-11T20:07:43.866028,2025-07-20T20:07:43.866028,Refrigerated,BLR-01,Bangalore,12.9791,77.5671,1.1,100,0
PROD-1196,Bread,Bakery,2025-07-10T20:07:43.866028,2025-07-13T20:07:43.866028,Ambient,BLR-01,Bangalore,12.9988,77.5844,18.6,97.0,0
PROD-1197,Bread,Bakery,2025-07-05T20:07:43.866028,2025-07-08T20:07:43.866028,Ambient,BLR-01,Bangalore,12.9947,77.5725,21.5,88.9,1
PROD-1198,Ice Cream,FrozenDessert,2025-06-28T20:07:43.866028,2025-11-05T20:07:43.866028,Frozen,DEL-02,Delhi,28.6678,77.1226,-21.1,83.2,1
PROD-1199,Canned Beans,Pantry,2025-06-23T20:07:43.866028,2026-09-10T20:07:43.866028,Ambient,MUM-01,Mumbai,19.1149,72.9058,15.8,65.6,0
PROD-1200,Bread,Bakery,2025-07-10T20:07:43.866028,2025-07-13T20:07:43.866028,Ambient,CHE-01,Chennai,13.1158,80.2547,18.7,88.6,0
PROD-1201,Canned Beans,Pantry,2025-07-07T20:07:43.866028,2026-11-08T20:07:43.866028,Ambient,DEL-01,Delhi,28.6973,77.0926,19.1,61.2,0
PROD-1202,Canned Beans,Pantry,2025-06-29T20:07:43.866028,2026-07-23T20:07:43.866028,Ambient,BLR-01,Bangalore,13.0076,77.5598,17.7,67.0,0
PROD-1203,Bread,Bakery,2025-07-05T20:07:43.866028,2025-07-06T20:07:43.866028,Ambient,MUM-03,Mumbai,19.0953,72.9041,24.6,93.2,1
PROD-1204,Chicken,Meat,2025-06-27T20:07:43.866028,2025-07-03T20:07:43.866028,Refrigerated,DEL-01,Delhi,28.7431,77.1018,0.7,100,1
PROD-1205,Milk,Dairy,2025-07-07T20:07:43.866028,2025-07-14T20:07:43.866028,Refrigerated,BLR-02,Bangalore,12.9335,77.5563,0.7,100,0
PROD-1206,Canned Beans,Pantry,2025-07-05T20:07:43.866028,2026-01-03T20:07:43.866028,Ambient,MUM-03,Mumbai,19.0282,72.8451,16.0,65.8,0
PROD-1207,Milk,Dairy,2025-07-09T20:07:43.866028,2025-07-15T20:07:43.866028,Refrigerated,CHE-02,Chennai,13.0887,80.2544,3.5,100,0
PROD-1208,Canned Beans,Pantry,2025-06-26T20:07:43.866028,2026-06-20T20:07:43.866028,Ambient,BLR-02,Bangalore,13.0208,77.6224,14.0,74.2,0
PROD-1209,Bread,Bakery,2025-07-09T20:07:43.866028,2025-07-11T20:07:43.866028,Ambient,BLR-01,Bangalore,12.9228,77.5863,20.1,87.2,0
PROD-1210,Canned Beans,Pantry,2025-06-29T20:07:43.866028,2026-09-05T20:07:43.866028,Ambient,DEL-01,Delhi,28.6546,77.0587,14.0,57.4,0
PROD-1211,Bread,Bakery,2025-07-07T20:07:43.866028,2025-07-09T20:07:43.866028,Ambient,DEL-01,Delhi,28.6746,77.0537,19.7,87.7,0
PROD-1212,Canned Beans,Pantry,2025-07-07T20:07:43.866028,2026-09-03T20:07:43.866028,Ambient,CHE-02,Chennai,13.0815,80.2595,15.6,70.2,0
PROD-1213,Milk,Dairy,2025-07-09T20:07:43.866028,2025-07-17T20:07:43.866028,Refrigerated,KOL-01,Kolkata,22.5243,88.3566,-1.5,100,0
PROD-1214,Chicken,Meat,2025-06-17T20:07:43.866028,2025-06-23T20:07:43.866028,Refrigerated,CHE-01,Chennai,13.0456,80.2734,-1.7,100,1
PROD-1215,Canned Beans,Pantry,2025-06-17T20:07:43.866028,2026-11-24T20:07:43.866028,Ambient,KOL-01,Kolkata,22.6176,88.3651,13.4,66.6,0
PROD-1216,Milk,Dairy,2025-07-06T20:07:43.866028,2025-07-13T20:07:43.866028,Refrigerated,CHE-02,Chennai,13.0334,80.2785,-0.1,100,0
PROD-1217,Bread,Bakery,2025-07-09T20:07:43.866028,2025-07-11T20:07:43.866028,Ambient,BLR-02,Bangalore,12.9256,77.5934,24.2,88.1,0
PROD-1218,Milk,Dairy,2025-07-10T20:07:43.866028,2025-07-19T20:07:43.866028,Refrigerated,DEL-01,Delhi,28.672,77.0793,0.6,100,0
PROD-1219,Canned Beans,Pantry,2025-06-23T20:07:43.866028,2026-06-28T20:07:43.866028,Ambient,DEL-02,Delhi,28.7172,77.0539,21.7,58.9,1
PROD-1220,Canned Beans,Pantry,2025-06-12T20:07:43.866028,2026-04-30T20:07:43.866028,Ambient,KOL-01,Kolkata,22.536,88.3475,15.3,73.6,0
PROD-1221,Ice Cream,FrozenDessert,2025-06-24T20:07:43.866028,2026-03-12T20:07:43.866028,Frozen,CHE-01,Chennai,13.0842,80.2741,-24.2,88.7,1
PROD-1222,Bread,Bakery,2025-07-08T20:07:43.866028,2025-07-10T20:07:43.866028,Ambient,DEL-01,Delhi,28.7138,77.0553,20.9,96.5,0
PROD-1223,Milk,Dairy,2025-07-09T20:07:43.866028,2025-07-20T20:07:43.866028,Refrigerated,CHE-01,Chennai,13.0465,80.2392,1.4,100,0
PROD-1224,Milk,Dairy,2025-07-08T20:07:43.866028,2025-07-16T20:07:43.866028,Refrigerated,CHE-01,Chennai,13.0519,80.2565,1.7,100,0
PROD-1225,Canned Beans,Pantry,2025-06-25T20:07:43.866028,2026-02-27T20:07:43.866028,Ambient,DEL-02,Delhi,28.7284,77.1504,15.5,75.9,0
PROD-1226,Bread,Bakery,2025-07-10T20:07:43.866028,2025-07-11T20:07:43.866028,Ambient,DEL-02,Delhi,28.6645,77.1285,21.7,71.9,0
PROD-1227,Ice Cream,FrozenDessert,2025-07-04T20:07:43.866028,2025-11-30T20:07:43.866028,Frozen,KOL-01,Kolkata,22.5676,88.3432,-25.0,86.8,0
PROD-1228,Ice Cream,FrozenDessert,2025-07-03T20:07:43.866028,2025-09-28T20:07:43.866028,Frozen,MUM-03,Mumbai,19.1196,72.9102,-18.9,62.4,0
PROD-1229,Milk,Dairy,2025-07-10T20:07:43.866028,2025-07-17T20:07:43.866028,Refrigerated,BLR-02,Bangalore,12.9599,77.6054,3.8,100,0
PROD-1230,Milk,Dairy,2025-07-09T20:07:43.866028,2025-07-16T20:07:43.866028,Refrigerated,DEL-02,Delhi,28.7529,77.0841,-1.7,100,0
PROD-1231,Milk,Dairy,2025-07-05T20:07:43.866028,2025-07-15T20:07:43.866028,Refrigerated,KOL-01,Kolkata,22.5971,88.3557,1.9,100,0
PROD-1232,Carrots,Vegetable,2025-06-30T20:07:43.866028,2025-07-23T20:07:43.866028,Refrigerated,MUM-01,Mumbai,19.0481,72.8366,-0.6,100,0
PROD-1233,Canned Beans,Pantry,2025-07-02T20:07:43.866028,2026-11-08T20:07:43.866028,Ambient,DEL-01,Delhi,28.7418,77.0582,14.3,75.4,0
PROD-1234,Milk,Dairy,2025-07-07T20:07:43.866028,2025-07-17T20:07:43.866028,Refrigerated,KOL-01,Kolkata,22.5964,88.3463,-1.3,100,0
PROD-1235,Bread,Bakery,2025-07-08T20:07:43.866028,2025-07-10T20:07:43.866028,Ambient,BLR-01,Bangalore,12.9989,77.5498,20.4,94.0,0
PROD-1236,Milk,Dairy,2025-07-05T20:07:43.866028,2025-07-11T20:07:43.866028,Refrigerated,DEL-02,Delhi,28.6902,77.1406,1.2,100,0
PROD-1237,Milk,Dairy,2025-07-07T20:07:43.866028,2025-07-12T20:07:43.866028,Refrigerated,MUM-03,Mumbai,19.1248,72.9176,-0.4,100,1
PROD-1238,Milk,Dairy,2025-07-07T20:07:43.866028,2025-07-18T20:07:43.866028,Refrigerated,BLR-01,Bangalore,12.9363,77.5968,-0.2,100,1
PROD-1239,Bread,Bakery,2025-07-07T20:07:43.866028,2025-07-10T20:07:43.866028,Ambient,BLR-01,Bangalore,12.9776,77.577,20.4,91.4,0
PROD-1240,Bread,Bakery,2025-07-08T20:07:43.866028,2025-07-11T20:07:43.866028,Ambient,DEL-01,Delhi,28.7253,77.0971,20.4,86.6,0
PROD-1241,Bread,Bakery,2025-07-09T20:07:43.866028,2025-07-12T20:07:43.866028,Ambient,CHE-01,Chennai,13.1006,80.2267,21.0,85.1,0
PROD-1242,Apple,Fruit,2025-06-30T20:07:43.866028,2025-07-20T20:07:43.866028,Refrigerated,CHE-01,Chennai,13.0449,80.3189,-1.8,100,0
PROD-1243,Bread,Bakery,2025-07-07T20:07:43.866028,2025-07-09T20:07:43.866028,Ambient,BLR-01,Bangalore,12.9735,77.5787,22.7,89.0,1
PROD-1244,Bread,Bakery,2025-07-08T20:07:43.866028,2025-07-11T20:07:43.866028,Ambient,CHE-01,Chennai,13.0584,80.2826,22.3,90.1,0
PROD-1245,Canned Beans,Pantry,2025-07-07T20:07:43.866028,2026-07-18T20:07:43.866028,Ambient,KOL-01,Kolkata,22.5955,88.3859,15.5,68.8,0
PROD-1246,Bread,Bakery,2025-07-09T20:07:43.866028,2025-07-12T20:07:43.866028,Ambient,BLR-01,Bangalore,12.998,77.6145,22.2,85.4,0
PROD-1247,Milk,Dairy,2025-07-09T20:07:43.866028,2025-07-20T20:07:43.866028,Refrigerated,DEL-01,Delhi,28.6815,77.1272,-1.8,100,0
PROD-1248,Milk,Dairy,2025-07-11T20:07:43.866028,2025-07-15T20:07:43.866028,Refrigerated,MUM-03,Mumbai,19.0684,72.8733,-2.0,100,1
PROD-1249,Banana,Fruit,2025-06-29T20:07:43.866028,2025-07-02T20:07:43.866028,Ambient,DEL-01,Delhi,28.7168,77.1004,14.7,94.4,0
PROD-1250,Milk,Dairy,2025-07-10T20:07:43.866028,2025-07-17T20:07:43.866028,Refrigerated,DEL-02,Delhi,28.6847,77.1466,-1.2,100,0
PROD-1251,Ice Cream,FrozenDessert,2025-07-03T20:07:43.866028,2026-03-22T20:07:43.866028,Frozen,CHE-01,Chennai,13.0811,80.2858,-23.5,92.0,0
PROD-1252,Bread,Bakery,2025-07-10T20:07:43.866028,2025-07-12T20:07:43.866028,Ambient,KOL-01,Kolkata,22.6013,88.3974,21.2,98.1,0
PROD-1253,Canned Beans,Pantry,2025-07-05T20:07:43.866028,2027-01-23T20:07:43.866028,Ambient,KOL-01,Kolkata,22.5675,88.3369,15.5,59.4,0
PROD-1254,Bread,Bakery,2025-07-10T20:07:43.866028,2025-07-11T20:07:43.866028,Ambient,MUM-03,Mumbai,19.1141,72.8782,20.7,92.1,1
PROD-1255,Apple,Fruit,2025-06-27T20:07:43.866028,2025-07-15T20:07:43.866028,Refrigerated,BLR-01,Bangalore,12.9525,77.5917,0.6,100,1
PROD-1256,Bread,Bakery,2025-07-09T20:07:43.866028,2025-07-11T20:07:43.866028,Ambient,MUM-02,Mumbai,19.0997,72.8417,19.8,96.0,0
PROD-1257,Carrots,Vegetable,2025-07-05T20:07:43.866028,2025-07-28T20:07:43.866028,Refrigerated,MUM-01,Mumbai,19.1141,72.9043,-0.5,100,0
PROD-1258,Milk,Dairy,2025-07-10T20:07:43.866028,2025-07-19T20:07:43.866028,Refrigerated,KOL-01,Kolkata,22.5272,88.3769,0.9,100,0
PROD-1259,Canned Beans,Pantry,2025-07-03T20:07:43.866028,2026-05-15T20:07:43.866028,Ambient,MUM-02,Mumbai,19.0414,72.9188,15.1,82.4,0
PROD-1260,Bread,Bakery,2025-07-10T20:07:43.866028,2025-07-11T20:07:43.866028,Ambient,MUM-03,Mumbai,19.1073,72.852,21.8,94.7,0
PROD-1261,Milk,Dairy,2025-07-05T20:07:43.866028,2025-07-13T20:07:43.866028,Refrigerated,KOL-01,Kolkata,22.5381,88.3833,1.4,100,0
PROD-1262,Bread,Bakery,2025-07-06T20:07:43.866028,2025-07-08T20:07:43.866028,Ambient,DEL-02,Delhi,28.7043,77.0608,19.4,87.7,1
PROD-1263,Bread,Bakery,2025-07-08T20:07:43.866028,2025-07-09T20:07:43.866028,Ambient,CHE-02,Chennai,13.0688,80.2457,19.7,90.5,1
PROD-1264,Canned Beans,Pantry,2025-06-24T20:07:43.866028,2026-05-15T20:07:43.866028,Ambient,BLR-01,Bangalore,12.949,77.6163,15.5,78.9,0
PROD-1265,Bread,Bakery,2025-07-08T20:07:43.866028,2025-07-11T20:07:43.866028,Ambient,DEL-01,Delhi,28.6861,77.1012,19.6,88.5,0
PROD-1266,Milk,Dairy,2025-07-07T20:07:43.866028,2025-07-16T20:07:43.866028,Refrigerated,KOL-01,Kolkata,22.6143,88.3812,-0.1,100,0
PROD-1267,Milk,Dairy,2025-07-11T20:07:43.866028,2025-07-19T20:07:43.866028,Refrigerated,MUM-02,Mumbai,19.0652,72.9031,-0.3,100,0
PROD-1268,Canned Beans,Pantry,2025-06-17T20:07:43.866028,2026-08-19T20:07:43.866028,Ambient,DEL-02,Delhi,28.7117,77.1367,17.8,71.6,1
PROD-1269,Banana,Fruit,2025-07-04T20:07:43.866028,2025-07-08T20:07:43.866028,Ambient,DEL-01,Delhi,28.6813,77.1163,14.0,88.8,0
PROD-1270,Milk,Dairy,2025-07-10T20:07:43.866028,2025-07-19T20:07:43.866028,Refrigerated,DEL-01,Delhi,28.6927,77.1379,0.2,100,0
PROD-1271,Bread,Bakery,2025-07-09T20:07:43.866028,2025-07-12T20:07:43.866028,Ambient,BLR-01,Bangalore,12.9929,77.5806,20.8,92.7,0
PROD-1272,Bread,Bakery,2025-07-09T20:07:43.866028,2025-07-12T20:07:43.866028,Ambient,MUM-01,Mumbai,19.0834,72.8893,22.7,87.9,0
PROD-1273,Bread,Bakery,2025-07-10T20:07:43.866028,2025-07-13T20:07:43.866028,Ambient,KOL-01,Kolkata,22.5706,88.3469,20.8,87.0,0
PROD-1274,Milk,Dairy,2025-07-09T20:07:43.866028,2025-07-17T20:07:43.866028,Refrigerated,MUM-01,Mumbai,19.1044,72.8644,1.5,100,0
PROD-1275,Bread,Bakery,2025-07-09T20:07:43.866028,2025-07-12T20:07:43.866028,Ambient,DEL-01,Delhi,28.7518,77.0953,20.0,88.9,0
PROD-1276,Bread,Bakery,2025-07-10T20:07:43.866028,2025-07-12T20:07:43.866028,Ambient,CHE-02,Chennai,13.0478,80.2235,22.0,90.6,0
PROD-1277,Milk,Dairy,2025-07-10T20:07:43.866028,2025-07-18T20:07:43.866028,Refrigerated,CHE-02,Chennai,13.0958,80.2867,5.1,100,0
PROD-1278,Bread,Bakery,2025-07-08T20:07:43.866028,2025-07-10T20:07:43.866028,Ambient,KOL-01,Kolkata,22.5829,88.395,19.2,85.2,0
PROD-1279,Bread,Bakery,2025-07-09T20:07:43.866028,2025-07-11T20:07:43.866028,Ambient,BLR-02,Bangalore,13.0104,77.5637,22.1,88.7,0
PROD-1280,Chicken,Meat,2025-06-26T20:07:43.866028,2025-06-30T20:07:43.866028,Refrigerated,DEL-02,Delhi,28.6661,77.1396,4.0,100,1
PROD-1281,Milk,Dairy,2025-07-11T20:07:43.866028,2025-07-21T20:07:43.866028,Refrigerated,KOL-01,Kolkata,22.5767,88.3556,0.9,100,0
PROD-1282,Canned Beans,Pantry,2025-06-25T20:07:43.866028,2026-11-12T20:07:43.866028,Ambient,CHE-01,Chennai,13.1078,80.2889,15.6,67.4,0
PROD-1283,Canned Beans,Pantry,2025-06-28T20:07:43.866028,2026-07-08T20:07:43.866028,Ambient,MUM-02,Mumbai,19.0369,72.8531,8.1,69.8,0
PROD-1284,Canned Beans,Pantry,2025-07-02T20:07:43.866028,2026-06-07T20:07:43.866028,Ambient,MUM-02,Mumbai,19.0648,72.873,13.5,52.1,0
PROD-1285,Chicken,Meat,2025-07-05T20:07:43.866028,2025-07-11T20:07:43.866028,Refrigerated,DEL-01,Delhi,28.6643,77.1372,-0.5,100,1
PROD-1286,Apple,Fruit,2025-06-27T20:07:43.866028,2025-07-14T20:07:43.866028,Refrigerated,KOL-01,Kolkata,22.5356,88.3276,-0.2,100,0
PROD-1287,Milk,Dairy,2025-07-06T20:07:43.866028,2025-07-15T20:07:43.866028,Refrigerated,MUM-01,Mumbai,19.0529,72.8415,-1.5,100,0
PROD-1288,Canned Beans,Pantry,2025-06-26T20:07:43.866028,2026-12-12T20:07:43.866028,Ambient,CHE-01,Chennai,13.0886,80.2269,15.4,64.6,0
PROD-1289,Carrots,Vegetable,2025-07-05T20:07:43.866028,2025-07-16T20:07:43.866028,Refrigerated,MUM-03,Mumbai,19.0986,72.8461,-0.8,100,0
PROD-1290,Canned Beans,Pantry,2025-06-23T20:07:43.866028,2026-07-10T20:07:43.866028,Ambient,DEL-02,Delhi,28.7483,77.1438,13.8,50.5,0
PROD-1291,Banana,Fruit,2025-07-06T20:07:43.866028,2025-07-08T20:07:43.866028,Ambient,BLR-02,Bangalore,12.9827,77.6408,14.0,100,0
PROD-1292,Fish,Seafood,2025-07-03T20:07:43.866028,2025-08-06T20:07:43.866028,Frozen,DEL-02,Delhi,28.7181,77.12,-16.2,100,1
PROD-1293,Fish,Seafood,2025-06-30T20:07:43.866028,2025-07-26T20:07:43.866028,Frozen,CHE-02,Chennai,13.1197,80.2723,-17.5,100,1
PROD-1294,Ice Cream,FrozenDessert,2025-07-09T20:07:43.866028,2026-03-08T20:07:43.866028,Frozen,BLR-01,Bangalore,12.9552,77.6331,-23.6,86.7,0
PROD-1295,Bread,Bakery,2025-07-09T20:07:43.866028,2025-07-11T20:07:43.866028,Ambient,CHE-01,Chennai,13.0372,80.2936,19.9,86.0,0
PROD-1296,Eggs,Dairy,2025-07-09T20:07:43.866028,2025-07-22T20:07:43.866028,Refrigerated,BLR-02,Bangalore,12.9771,77.6169,-1.7,100,1
PROD-1297,Bread,Bakery,2025-07-10T20:07:43.866028,2025-07-12T20:07:43.866028,Ambient,CHE-01,Chennai,13.1285,80.3032,21.0,95.8,0
PROD-1298,Apple,Fruit,2025-06-23T20:07:43.866028,2025-07-15T20:07:43.866028,Refrigerated,KOL-01,Kolkata,22.6096,88.3283,0.0,100,0
PROD-1299,Canned Beans,Pantry,2025-06-28T20:07:43.866028,2026-09-16T20:07:43.866028,Ambient,KOL-01,Kolkata,22.6134,88.3647,16.4,75.1,0
PROD-1300,Milk,Dairy,2025-07-07T20:07:43.866028,2025-07-18T20:07:43.866028,Refrigerated,CHE-01,Chennai,13.0765,80.296,2.3,100,0
PROD-1301,Milk,Dairy,2025-07-08T20:07:43.866028,2025-07-19T20:07:43.866028,Refrigerated,BLR-01,Bangalore,12.9664,77.582,-0.8,100,0
PROD-1302,Banana,Fruit,2025-06-24T20:07:43.866028,2025-06-28T20:07:43.866028,Ambient,DEL-01,Delhi,28.6629,77.0661,16.6,100,1
PROD-1303,Carrots,Vegetable,2025-06-29T20:07:43.866028,2025-07-12T20:07:43.866028,Refrigerated,BLR-02,Bangalore,12.9544,77.5815,-1.5,100,0
PROD-1304,Canned Beans,Pantry,2025-07-05T20:07:43.866028,2026-09-13T20:07:43.866028,Ambient,CHE-01,Chennai,13.0929,80.3101,14.8,79.8,0
PROD-1305,Milk,Dairy,2025-07-08T20:07:43.866028,2025-07-15T20:07:43.866028,Refrigerated,DEL-02,Delhi,28.6853,77.0946,-1.2,100,0
PROD-1306,Milk,Dairy,2025-07-10T20:07:43.866028,2025-07-20T20:07:43.866028,Refrigerated,MUM-01,Mumbai,19.0662,72.8938,0.6,100,1
PROD-1307,Milk,Dairy,2025-07-10T20:07:43.866028,2025-07-17T20:07:43.866028,Refrigerated,CHE-02,Chennai,13.0873,80.2548,-4.4,100,0
PROD-1308,Milk,Dairy,2025-07-07T20:07:43.866028,2025-07-18T20:07:43.866028,Refrigerated,BLR-01,Bangalore,12.9939,77.5963,-1.4,100,0
PROD-1309,Milk,Dairy,2025-07-10T20:07:43.866028,2025-07-15T20:07:43.866028,Refrigerated,MUM-03,Mumbai,19.0779,72.8801,-5.4,100,0
PROD-1310,Milk,Dairy,2025-07-09T20:07:43.866028,2025-07-17T20:07:43.866028,Refrigerated,CHE-01,Chennai,13.1015,80.2977,-1.1,100,0
PROD-1311,Canned Beans,Pantry,2025-06-29T20:07:43.866028,2026-07-12T20:07:43.866028,Ambient,MUM-02,Mumbai,19.0626,72.8307,15.2,68.8,0
PROD-1312,Milk,Dairy,2025-07-09T20:07:43.866028,2025-07-17T20:07:43.866028,Refrigerated,BLR-01,Bangalore,12.9631,77.6418,2.0,100,0
PROD-1313,Apple,Fruit,2025-06-28T20:07:43.866028,2025-07-16T20:07:43.866028,Refrigerated,DEL-01,Delhi,28.7181,77.0601,0.0,100,0
PROD-1314,Milk,Dairy,2025-07-07T20:07:43.866028,2025-07-15T20:07:43.866028,Refrigerated,DEL-01,Delhi,28.7354,77.0567,2.4,100,0
PROD-1315,Milk,Dairy,2025-07-10T20:07:43.866028,2025-07-18T20:07:43.866028,Refrigerated,MUM-01,Mumbai,19.122,72.8748,-0.6,100,0
PROD-1316,Milk,Dairy,2025-07-11T20:07:43.866028,2025-07-20T20:07:43.866028,Refrigerated,CHE-01,Chennai,13.0614,80.2408,0.1,100,0
PROD-1317,Fish,Seafood,2025-07-04T20:07:43.866028,2025-08-01T20:07:43.866028,Frozen,BLR-02,Bangalore,12.942,77.5805,-22.1,100,1
PROD-1318,Milk,Dairy,2025-07-10T20:07:43.866028,2025-07-19T20:07:43.866028,Refrigerated,DEL-01,Delhi,28.7391,77.1335,0.8,100,0
PROD-1319,Milk,Dairy,2025-07-06T20:07:43.866028,2025-07-17T20:07:43.866028,Refrigerated,DEL-01,Delhi,28.7078,77.12,1.0,100,0
PROD-1320,Canned Beans,Pantry,2025-06-18T20:07:43.866028,2026-05-01T20:07:43.866028,Ambient,DEL-01,Delhi,28.6997,77.1334,19.9,67.6,0
PROD-1321,Apple,Fruit,2025-07-02T20:07:43.866028,2025-07-24T20:07:43.866028,Refrigerated,MUM-01,Mumbai,19.0465,72.8918,0.8,100,1
PROD-1322,Eggs,Dairy,2025-07-07T20:07:43.866028,2025-07-27T20:07:43.866028,Refrigerated,KOL-01,Kolkata,22.5858,88.3244,-1.8,100,0
PROD-1323,Bread,Bakery,2025-07-11T20:07:43.866028,2025-07-14T20:07:43.866028,Ambient,CHE-01,Chennai,13.1213,80.2369,17.0,88.7,0
PROD-1324,Milk,Dairy,2025-07-09T20:07:43.866028,2025-07-13T20:07:43.866028,Refrigerated,MUM-03,Mumbai,19.0308,72.8393,0.8,100,0
PROD-1325,Bread,Bakery,2025-07-08T20:07:43.866028,2025-07-10T20:07:43.866028,Ambient,BLR-01,Bangalore,12.9545,77.5749,18.7,92.0,0
PROD-1326,Milk,Dairy,2025-07-09T20:07:43.866028,2025-07-19T20:07:43.866028,Refrigerated,KOL-01,Kolkata,22.5253,88.3609,0.8,100,0
PROD-1327,Apple,Fruit,2025-06-20T20:07:43.866028,2025-07-09T20:07:43.866028,Refrigerated,KOL-01,Kolkata,22.5255,88.3942,1.4,100,0
PROD-1328,Canned Beans,Pantry,2025-07-03T20:07:43.866028,2026-05-20T20:07:43.866028,Ambient,MUM-02,Mumbai,19.0966,72.8651,16.0,79.6,0
PROD-1329,Canned Beans,Pantry,2025-06-29T20:07:43.866028,2026-08-14T20:07:43.866028,Ambient,BLR-02,Bangalore,12.9291,77.5864,13.0,59.7,0
PROD-1330,Milk,Dairy,2025-07-07T20:07:43.866028,2025-07-16T20:07:43.866028,Refrigerated,BLR-01,Bangalore,12.9845,77.5999,1.8,100,0
PROD-1331,Milk,Dairy,2025-07-09T20:07:43.866028,2025-07-15T20:07:43.866028,Refrigerated,BLR-02,Bangalore,13.0032,77.5553,1.8,100,0
PROD-1332,Milk,Dairy,2025-07-10T20:07:43.866028,2025-07-17T20:07:43.866028,Refrigerated,MUM-02,Mumbai,19.0479,72.851,2.8,100,0
PROD-1333,Canned Beans,Pantry,2025-06-17T20:07:43.866028,2026-11-08T20:07:43.866028,Ambient,CHE-01,Chennai,13.046,80.2599,15.4,74.8,0
PROD-1334,Fish,Seafood,2025-06-29T20:07:43.866028,2025-08-14T20:07:43.866028,Frozen,BLR-01,Bangalore,12.9935,77.6019,-18.3,100,0
PROD-1335,Canned Beans,Pantry,2025-07-06T20:07:43.866028,2026-08-16T20:07:43.866028,Ambient,DEL-02,Delhi,28.7052,77.1261,12.6,68.9,0
PROD-1336,Bread,Bakery,2025-07-09T20:07:43.866028,2025-07-11T20:07:43.866028,Ambient,CHE-02,Chennai,13.1223,80.2316,20.4,84.4,0
PROD-1337,Canned Beans,Pantry,2025-07-06T20:07:43.866028,2026-05-13T20:07:43.866028,Ambient,BLR-01,Bangalore,13.0057,77.5748,17.3,72.9,0
PROD-1338,Milk,Dairy,2025-07-09T20:07:43.866028,2025-07-17T20:07:43.866028,Refrigerated,BLR-01,Bangalore,12.9904,77.6429,-1.4,100,0
PROD-1339,Carrots,Vegetable,2025-06-27T20:07:43.866028,2025-07-10T20:07:43.866028,Refrigerated,BLR-02,Bangalore,12.9438,77.6168,1.2,100,0
PROD-1340,Milk,Dairy,2025-07-08T20:07:43.866028,2025-07-17T20:07:43.866028,Refrigerated,KOL-01,Kolkata,22.6194,88.3338,-0.9,100,0
PROD-1341,Bread,Bakery,2025-07-06T20:07:43.866028,2025-07-08T20:07:43.866028,Ambient,DEL-01,Delhi,28.7396,77.1331,20.2,94.7,0
PROD-1342,Canned Beans,Pantry,2025-06-27T20:07:43.866028,2026-03-27T20:07:43.866028,Ambient,MUM-02,Mumbai,19.0674,72.8673,16.8,70.2,0
PROD-1343,Chicken,Meat,2025-06-29T20:07:43.866028,2025-07-03T20:07:43.866028,Refrigerated,DEL-02,Delhi,28.709,77.077,-0.1,100,1
PROD-1344,Milk,Dairy,2025-07-08T20:07:43.866028,2025-07-18T20:07:43.866028,Refrigerated,KOL-01,Kolkata,22.6226,88.3465,2.1,100,0
PROD-1345,Milk,Dairy,2025-07-09T20:07:43.866028,2025-07-20T20:07:43.866028,Refrigerated,MUM-01,Mumbai,19.0642,72.8766,0.1,100,0
PROD-1346,Fish,Seafood,2025-06-28T20:07:43.866028,2025-08-13T20:07:43.866028,Frozen,DEL-01,Delhi,28.7501,77.0636,-21.1,100,1
PROD-1347,Bread,Bakery,2025-07-07T20:07:43.866028,2025-07-09T20:07:43.866028,Ambient,DEL-02,Delhi,28.7229,77.0667,22.0,99.2,0
PROD-1348,Milk,Dairy,2025-07-11T20:07:43.866028,2025-07-21T20:07:43.866028,Refrigerated,CHE-01,Chennai,13.0771,80.3004,-0.1,100,0
PROD-1349,Canned Beans,Pantry,2025-06-16T20:07:43.866028,2026-04-30T20:07:43.866028,Ambient,CHE-02,Chennai,13.0711,80.2394,16.1,70.0,0
PROD-1350,Bread,Bakery,2025-07-10T20:07:43.866028,2025-07-13T20:07:43.866028,Ambient,KOL-01,Kolkata,22.5479,88.3776,18.4,95.7,0
PROD-1351,Chicken,Meat,2025-07-05T20:07:43.866028,2025-07-10T20:07:43.866028,Refrigerated,KOL-01,Kolkata,22.5778,88.3825,0.5,100,0
PROD-1352,Fish,Seafood,2025-07-06T20:07:43.866028,2025-08-20T20:07:43.866028,Frozen,DEL-01,Delhi,28.7432,77.0555,-18.9,100,1
PROD-1353,Bread,Bakery,2025-07-10T20:07:43.866028,2025-07-12T20:07:43.866028,Ambient,KOL-01,Kolkata,22.5274,88.3686,21.2,92.8,0
PROD-1354,Canned Beans,Pantry,2025-06-16T20:07:43.866028,2026-06-10T20:07:43.866028,Ambient,MUM-01,Mumbai,19.071,72.9203,13.9,72.8,0
PROD-1355,Milk,Dairy,2025-07-07T20:07:43.866028,2025-07-17T20:07:43.866028,Refrigerated,DEL-01,Delhi,28.7074,77.1395,2.0,100,0
PROD-1356,Milk,Dairy,2025-07-10T20:07:43.866028,2025-07-18T20:07:43.866028,Refrigerated,DEL-02,Delhi,28.6918,77.1241,-2.0,100,1
PROD-1357,Milk,Dairy,2025-07-08T20:07:43.866028,2025-07-16T20:07:43.866028,Refrigerated,BLR-02,Bangalore,12.9465,77.5587,-2.0,100,0
PROD-1358,Milk,Dairy,2025-07-09T20:07:43.866028,2025-07-17T20:07:43.866028,Refrigerated,DEL-02,Delhi,28.6911,77.1324,-1.4,100,0
PROD-1359,Canned Beans,Pantry,2025-06-17T20:07:43.866028,2025-12-24T20:07:43.866028,Ambient,MUM-03,Mumbai,19.0492,72.8609,11.2,60.7,0
PROD-1360,Fish,Seafood,2025-07-01T20:07:43.866028,2025-08-02T20:07:43.866028,Frozen,DEL-02,Delhi,28.7055,77.1028,-23.2,100,1
PROD-1361,Bread,Bakery,2025-07-08T20:07:43.866028,2025-07-09T20:07:43.866028,Ambient,MUM-03,Mumbai,19.0509,72.8732,21.1,84.3,1
PROD-1362,Canned Beans,Pantry,2025-07-04T20:07:43.866028,2026-11-12T20:07:43.866028,Ambient,CHE-01,Chennai,13.1241,80.2669,13.3,61.4,0
PROD-1363,Milk,Dairy,2025-07-10T20:07:43.866028,2025-07-18T20:07:43.866028,Refrigerated,DEL-01,Delhi,28.7173,77.1348,-0.3,100,1
PROD-1364,Bread,Bakery,2025-07-07T20:07:43.866028,2025-07-10T20:07:43.866028,Ambient,MUM-01,Mumbai,19.0596,72.8671,22.3,94.2,1
PROD-1365,Bread,Bakery,2025-07-06T20:07:43.866028,2025-07-09T20:07:43.866028,Ambient,CHE-01,Chennai,13.1188,80.2761,21.3,88.8,0
PROD-1366,Bread,Bakery,2025-07-08T20:07:43.866028,2025-07-10T20:07:43.866028,Ambient,MUM-02,Mumbai,19.1109,72.8529,20.6,78.7,0
PROD-1367,Canned Beans,Pantry,2025-06-23T20:07:43.866028,2025-12-11T20:07:43.866028,Ambient,MUM-03,Mumbai,19.0817,72.9101,12.7,78.7,0
PROD-1368,Canned Beans,Pantry,2025-07-03T20:07:43.866028,2026-07-27T20:07:43.866028,Ambient,MUM-02,Mumbai,19.0779,72.845,17.0,65.3,0
PROD-1369,Canned Beans,Pantry,2025-07-03T20:07:43.866028,2026-03-07T20:07:43.866028,Ambient,MUM-03,Mumbai,19.0619,72.8312,18.2,57.3,0
PROD-1370,Bread,Bakery,2025-07-09T20:07:43.866028,2025-07-11T20:07:43.866028,Ambient,MUM-02,Mumbai,19.0376,72.8614,16.9,100,0
PROD-1371,Bread,Bakery,2025-07-07T20:07:43.866028,2025-07-09T20:07:43.866028,Ambient,CHE-02,Chennai,13.1017,80.2355,20.0,100,0
PROD-1372,Canned Beans,Pantry,2025-06-28T20:07:43.866028,2026-10-22T20:07:43.866028,Ambient,MUM-01,Mumbai,19.0686,72.8565,17.1,62.7,0
PROD-1373,Canned Beans,Pantry,2025-06-22T20:07:43.866028,2026-10-14T20:07:43.866028,Ambient,CHE-01,Chennai,13.1098,80.3132,16.2,68.5,0
PROD-1374,Bread,Bakery,2025-07-08T20:07:43.866028,2025-07-11T20:07:43.866028,Ambient,KOL-01,Kolkata,22.53,88.357,21.4,95.2,0
PROD-1375,Fish,Seafood,2025-06-27T20:07:43.866028,2025-07-19T20:07:43.866028,Frozen,MUM-02,Mumbai,19.0798,72.8606,-17.7,100,1
PROD-1376,Milk,Dairy,2025-07-09T20:07:43.866028,2025-07-18T20:07:43.866028,Refrigerated,DEL-01,Delhi,28.6582,77.1407,2.0,100,0
PROD-1377,Milk,Dairy,2025-07-09T20:07:43.866028,2025-07-13T20:07:43.866028,Refrigerated,MUM-03,Mumbai,19.1076,72.8477,4.7,100,1
PROD-1378,Bread,Bakery,2025-07-07T20:07:43.866028,2025-07-09T20:07:43.866028,Ambient,CHE-01,Chennai,13.1206,80.2293,18.1,89.1,0
PROD-1379,Canned Beans,Pantry,2025-06-24T20:07:43.866028,2026-07-26T20:07:43.866028,Ambient,CHE-02,Chennai,13.097,80.2451,15.0,62.8,0
PROD-1380,Milk,Dairy,2025-07-10T20:07:43.866028,2025-07-18T20:07:43.866028,Refrigerated,DEL-02,Delhi,28.6933,77.0965,0.5,100,0
PROD-1381,Canned Beans,Pantry,2025-07-03T20:07:43.866028,2026-06-03T20:07:43.866028,Ambient,BLR-02,Bangalore,12.9654,77.609,13.8,63.5,0
PROD-1382,Milk,Dairy,2025-07-08T20:07:43.866028,2025-07-15T20:07:43.866028,Refrigerated,DEL-02,Delhi,28.6609,77.0535,-4.3,100,0
PROD-1383,Bread,Bakery,2025-07-08T20:07:43.866028,2025-07-09T20:07:43.866028,Ambient,MUM-03,Mumbai,19.1188,72.84,20.9,100,0
PROD-1384,Ice Cream,FrozenDessert,2025-06-30T20:07:43.866028,2026-01-11T20:07:43.866028,Frozen,KOL-01,Kolkata,22.5854,88.3652,-22.1,85.2,0
PROD-1385,Bread,Bakery,2025-07-06T20:07:43.866028,2025-07-08T20:07:43.866028,Ambient,KOL-01,Kolkata,22.6188,88.4002,18.6,88.1,1
PROD-1386,Milk,Dairy,2025-07-11T20:07:43.866028,2025-07-19T20:07:43.866028,Refrigerated,KOL-01,Kolkata,22.5561,88.321,-0.9,100,0
PROD-1387,Eggs,Dairy,2025-07-09T20:07:43.866028,2025-07-21T20:07:43.866028,Refrigerated,CHE-02,Chennai,13.1282,80.2902,2.5,100,0
PROD-1388,Canned Beans,Pantry,2025-07-06T20:07:43.866028,2026-07-25T20:07:43.866028,Ambient,MUM-02,Mumbai,19.0749,72.8887,16.2,84.5,0
PROD-1389,Canned Beans,Pantry,2025-07-03T20:07:43.866028,2026-12-21T20:07:43.866028,Ambient,KOL-01,Kolkata,22.6168,88.3244,17.1,76.1,0
PROD-1390,Bread,Bakery,2025-07-09T20:07:43.866028,2025-07-11T20:07:43.866028,Ambient,MUM-02,Mumbai,19.0298,72.8911,21.4,90.5,0
PROD-1391,Canned Beans,Pantry,2025-06-23T20:07:43.866028,2026-02-03T20:07:43.866028,Ambient,CHE-02,Chennai,13.0601,80.3003,16.9,81.7,0
PROD-1392,Eggs,Dairy,2025-07-10T20:07:43.866028,2025-07-28T20:07:43.866028,Refrigerated,CHE-01,Chennai,13.0498,80.2821,0.8,100,0
PROD-1393,Canned Beans,Pantry,2025-06-30T20:07:43.866028,2026-10-06T20:07:43.866028,Ambient,KOL-01,Kolkata,22.5831,88.3296,15.4,59.9,0
PROD-1394,Milk,Dairy,2025-07-11T20:07:43.866028,2025-07-22T20:07:43.866028,Refrigerated,KOL-01,Kolkata,22.565,88.3717,-2.3,100,0
PROD-1395,Bread,Bakery,2025-07-09T20:07:43.866028,2025-07-11T20:07:43.866028,Ambient,BLR-01,Bangalore,12.9651,77.6169,20.2,90.1,0
PROD-1396,Banana,Fruit,2025-06-30T20:07:43.866028,2025-07-02T20:07:43.866028,Ambient,DEL-01,Delhi,28.6913,77.0756,17.0,96.5,0
PROD-1397,Milk,Dairy,2025-07-08T20:07:43.866028,2025-07-19T20:07:43.866028,Refrigerated,KOL-01,Kolkata,22.5884,88.3418,0.9,100,0
PROD-1398,Canned Beans,Pantry,2025-06-30T20:07:43.866028,2026-01-05T20:07:43.866028,Ambient,MUM-03,Mumbai,19.0855,72.8723,15.5,66.6,0
PROD-1399,Milk,Dairy,2025-07-07T20:07:43.866028,2025-07-18T20:07:43.866028,Refrigerated,KOL-01,Kolkata,22.5251,88.3749,1.0,100,0
PROD-1400,Bread,Bakery,2025-07-06T20:07:43.866028,2025-07-08T20:07:43.866028,Ambient,BLR-02,Bangalore,12.9312,77.6435,21.1,94.2,1
PROD-1401,Milk,Dairy,2025-07-09T20:07:43.866028,2025-07-19T20:07:43.866028,Refrigerated,KOL-01,Kolkata,22.5524,88.3517,-0.3,100,0
PROD-1402,Canned Beans,Pantry,2025-07-11T20:07:43.866028,2026-10-31T20:07:43.866028,Ambient,MUM-01,Mumbai,19.0888,72.8299,19.3,67.0,0
PROD-1403,Milk,Dairy,2025-07-08T20:07:43.866028,2025-07-16T20:07:43.866028,Refrigerated,DEL-02,Delhi,28.69,77.1273,-0.1,100,0
PROD-1404,Canned Beans,Pantry,2025-06-25T20:07:43.866028,2026-06-19T20:07:43.866028,Ambient,CHE-02,Chennai,13.0844,80.2599,18.6,72.3,1
PROD-1405,Bread,Bakery,2025-07-10T20:07:43.866028,2025-07-13T20:07:43.866028,Ambient,KOL-01,Kolkata,22.6058,88.3462,21.7,90.1,0
PROD-1406,Bread,Bakery,2025-07-07T20:07:43.866028,2025-07-09T20:07:43.866028,Ambient,KOL-01,Kolkata,22.5702,88.3712,20.2,98.7,0
PROD-1407,Canned Beans,Pantry,2025-06-26T20:07:43.866028,2026-11-30T20:07:43.866028,Ambient,CHE-01,Chennai,13.0799,80.297,16.9,66.4,0
PROD-1408,Canned Beans,Pantry,2025-06-26T20:07:43.866028,2026-07-09T20:07:43.866028,Ambient,KOL-01,Kolkata,22.5379,88.3559,13.6,65.3,0
PROD-1409,Ice Cream,FrozenDessert,2025-06-17T20:07:43.866028,2026-01-29T20:07:43.866028,Frozen,KOL-01,Kolkata,22.5265,88.358,-22.4,94.6,0
PROD-1410,Milk,Dairy,2025-07-08T20:07:43.866028,2025-07-14T20:07:43.866028,Refrigerated,BLR-02,Bangalore,12.964,77.5925,3.3,100,0
PROD-1411,Milk,Dairy,2025-07-08T20:07:43.866028,2025-07-19T20:07:43.866028,Refrigerated,BLR-01,Bangalore,12.9371,77.5946,-2.2,100,0
PROD-1412,Apple,Fruit,2025-06-25T20:07:43.866028,2025-07-14T20:07:43.866028,Refrigerated,KOL-01,Kolkata,22.5961,88.3338,-1.4,100,0
PROD-1413,Apple,Fruit,2025-06-18T20:07:43.866028,2025-07-02T20:07:43.866028,Refrigerated,BLR-02,Bangalore,12.9569,77.5902,-0.2,100,1
PROD-1414,Milk,Dairy,2025-07-06T20:07:43.866028,2025-07-15T20:07:43.866028,Refrigerated,DEL-01,Delhi,28.715,77.1394,0.4,100,0
PROD-1415,Ice Cream,FrozenDessert,2025-06-21T20:07:43.866028,2026-03-24T20:07:43.866028,Frozen,DEL-01,Delhi,28.697,77.0784,-21.1,87.3,1
PROD-1416,Bread,Bakery,2025-07-11T20:07:43.866028,2025-07-13T20:07:43.866028,Ambient,DEL-02,Delhi,28.7137,77.1476,25.1,98.7,0
PROD-1417,Milk,Dairy,2025-07-08T20:07:43.866028,2025-07-16T20:07:43.866028,Refrigerated,KOL-01,Kolkata,22.5245,88.3869,-0.7,100,0
PROD-1418,Bread,Bakery,2025-07-10T20:07:43.866028,2025-07-11T20:07:43.866028,Ambient,MUM-03,Mumbai,19.0544,72.9208,20.5,98.9,1
PROD-1419,Bread,Bakery,2025-07-09T20:07:43.866028,2025-07-11T20:07:43.866028,Ambient,BLR-02,Bangalore,12.9944,77.5942,19.4,89.8,1
PROD-1420,Ice Cream,FrozenDessert,2025-07-02T20:07:43.866028,2026-03-13T20:07:43.866028,Frozen,KOL-01,Kolkata,22.5564,88.3427,-25.9,90.4,0
PROD-1421,Canned Beans,Pantry,2025-07-01T20:07:43.866028,2026-06-19T20:07:43.866028,Ambient,BLR-02,Bangalore,12.9891,77.5709,16.0,79.6,0
PROD-1422,Bread,Bakery,2025-07-08T20:07:43.866028,2025-07-10T20:07:43.866028,Ambient,CHE-01,Chennai,13.0526,80.2923,21.8,83.7,0
PROD-1423,Bread,Bakery,2025-07-08T20:07:43.866028,2025-07-11T20:07:43.866028,Ambient,KOL-01,Kolkata,22.5333,88.3268,18.6,91.6,0
PROD-1424,Canned Beans,Pantry,2025-07-01T20:07:43.866028,2026-03-01T20:07:43.866028,Ambient,BLR-02,Bangalore,12.9911,77.5791,12.6,75.2,0
PROD-1425,Canned Beans,Pantry,2025-06-30T20:07:43.866028,2026-07-28T20:07:43.866028,Ambient,BLR-01,Bangalore,13.0093,77.5633,15.2,79.5,0
PROD-1426,Canned Beans,Pantry,2025-06-23T20:07:43.866028,2026-02-09T20:07:43.866028,Ambient,CHE-02,Chennai,13.1275,80.2545,14.9,57.2,0
PROD-1427,Milk,Dairy,2025-07-08T20:07:43.866028,2025-07-16T20:07:43.866028,Refrigerated,CHE-02,Chennai,13.0744,80.2414,-0.5,100,0
PROD-1428,Chicken,Meat,2025-07-07T20:07:43.866028,2025-07-10T20:07:43.866028,Refrigerated,CHE-02,Chennai,13.1028,80.2224,2.6,100,0
PROD-1429,Ice Cream,FrozenDessert,2025-06-24T20:07:43.866028,2025-10-24T20:07:43.866028,Frozen,MUM-02,Mumbai,19.0709,72.8338,-20.5,82.8,0
PROD-1430,Canned Beans,Pantry,2025-06-21T20:07:43.866028,2026-10-14T20:07:43.866028,Ambient,CHE-01,Chennai,13.1274,80.285,16.8,65.9,0
PROD-1431,Ice Cream,FrozenDessert,2025-06-24T20:07:43.866028,2025-10-22T20:07:43.866028,Frozen,CHE-02,Chennai,13.046,80.2887,-17.1,87.8,1
PROD-1432,Bread,Bakery,2025-07-06T20:07:43.866028,2025-07-09T20:07:43.866028,Ambient,KOL-01,Kolkata,22.5257,88.3917,19.9,90.7,0
PROD-1433,Bread,Bakery,2025-07-08T20:07:43.866028,2025-07-10T20:07:43.866028,Ambient,DEL-02,Delhi,28.6989,77.0655,17.9,87.0,0
PROD-1434,Canned Beans,Pantry,2025-06-14T20:07:43.866028,2026-05-21T20:07:43.866028,Ambient,DEL-01,Delhi,28.7523,77.0833,16.5,70.0,0
PROD-1435,Bread,Bakery,2025-07-11T20:07:43.866028,2025-07-13T20:07:43.866028,Ambient,CHE-01,Chennai,13.0687,80.2855,21.4,92.5,0
PROD-1436,Apple,Fruit,2025-06-21T20:07:43.866028,2025-06-30T20:07:43.866028,Refrigerated,MUM-03,Mumbai,19.116,72.8778,-0.6,100,1
PROD-1437,Milk,Dairy,2025-07-08T20:07:43.866028,2025-07-18T20:07:43.866028,Refrigerated,BLR-01,Bangalore,12.9343,77.5584,0.5,100,0
PROD-1438,Fish,Seafood,2025-07-06T20:07:43.866028,2025-07-30T20:07:43.866028,Frozen,MUM-02,Mumbai,19.0729,72.8864,-20.7,100,0
PROD-1439,Milk,Dairy,2025-07-08T20:07:43.866028,2025-07-18T20:07:43.866028,Refrigerated,KOL-01,Kolkata,22.5391,88.3381,0.9,100,0
PROD-1440,Canned Beans,Pantry,2025-06-30T20:07:43.866028,2026-04-26T20:07:43.866028,Ambient,MUM-02,Mumbai,19.1178,72.834,13.2,73.7,0
PROD-1441,Eggs,Dairy,2025-07-05T20:07:43.866028,2025-07-28T20:07:43.866028,Refrigerated,KOL-01,Kolkata,22.5835,88.3779,-0.4,100,0
PROD-1442,Canned Beans,Pantry,2025-06-24T20:07:43.866028,2026-12-31T20:07:43.866028,Ambient,CHE-01,Chennai,13.0608,80.29,15.9,70.3,0
PROD-1443,Milk,Dairy,2025-07-09T20:07:43.866028,2025-07-19T20:07:43.866028,Refrigerated,DEL-01,Delhi,28.6664,77.124,-1.8,100,0
PROD-1444,Apple,Fruit,2025-07-04T20:07:43.866028,2025-07-21T20:07:43.866028,Refrigerated,BLR-02,Bangalore,13.0005,77.604,-0.5,100,0
PROD-1445,Apple,Fruit,2025-07-03T20:07:43.866028,2025-07-12T20:07:43.866028,Refrigerated,MUM-03,Mumbai,19.0863,72.8453,-1.2,100,0
PROD-1446,Canned Beans,Pantry,2025-07-01T20:07:43.866028,2026-11-01T20:07:43.866028,Ambient,BLR-01,Bangalore,13.0168,77.6072,16.5,71.7,1
PROD-1447,Canned Beans,Pantry,2025-07-08T20:07:43.866028,2027-01-05T20:07:43.866028,Ambient,KOL-01,Kolkata,22.5996,88.3518,18.1,71.4,0
PROD-1448,Canned Beans,Pantry,2025-06-18T20:07:43.866028,2026-05-13T20:07:43.866028,Ambient,CHE-01,Chennai,13.0775,80.2712,13.2,71.7,0
PROD-1449,Bread,Bakery,2025-07-08T20:07:43.866028,2025-07-11T20:07:43.866028,Ambient,KOL-01,Kolkata,22.5279,88.4025,23.2,95.3,0
PROD-1450,Bread,Bakery,2025-07-11T20:07:43.866028,2025-07-13T20:07:43.866028,Ambient,BLR-02,Bangalore,12.9538,77.5704,17.3,91.3,0
PROD-1451,Canned Beans,Pantry,2025-06-24T20:07:43.866028,2026-08-29T20:07:43.866028,Ambient,DEL-02,Delhi,28.7012,77.1277,14.1,87.1,0
PROD-1452,Bread,Bakery,2025-07-10T20:07:43.866028,2025-07-12T20:07:43.866028,Ambient,DEL-02,Delhi,28.7242,77.1156,23.2,86.9,0
PROD-1453,Bread,Bakery,2025-07-08T20:07:43.866028,2025-07-11T20:07:43.866028,Ambient,KOL-01,Kolkata,22.5845,88.3139,20.1,79.5,1
PROD-1454,Milk,Dairy,2025-07-11T20:07:43.866028,2025-07-20T20:07:43.866028,Refrigerated,MUM-01,Mumbai,19.0267,72.868,-0.8,100,0
PROD-1455,Bread,Bakery,2025-07-08T20:07:43.866028,2025-07-11T20:07:43.866028,Ambient,BLR-01,Bangalore,12.9662,77.597,16.3,88.7,0
PROD-1456,Bread,Bakery,2025-07-09T20:07:43.866028,2025-07-11T20:07:43.866028,Ambient,BLR-02,Bangalore,12.9648,77.6231,20.1,93.4,0
PROD-1457,Canned Beans,Pantry,2025-07-03T20:07:43.866028,2026-05-19T20:07:43.866028,Ambient,MUM-01,Mumbai,19.0967,72.8949,15.8,68.4,1
PROD-1458,Canned Beans,Pantry,2025-07-03T20:07:43.866028,2026-09-08T20:07:43.866028,Ambient,MUM-02,Mumbai,19.091,72.863,16.3,70.4,0
PROD-1459,Carrots,Vegetable,2025-06-26T20:07:43.866028,2025-07-08T20:07:43.866028,Refrigerated,DEL-02,Delhi,28.7093,77.0761,-2.0,100,0
PROD-1460,Milk,Dairy,2025-07-08T20:07:43.866028,2025-07-15T20:07:43.866028,Refrigerated,MUM-02,Mumbai,19.1194,72.8323,3.5,100,0
PROD-1461,Canned Beans,Pantry,2025-07-08T20:07:43.866028,2026-05-02T20:07:43.866028,Ambient,BLR-02,Bangalore,12.9532,77.6214,19.1,53.7,0
PROD-1462,Fish,Seafood,2025-06-22T20:07:43.866028,2025-07-15T20:07:43.866028,Frozen,MUM-02,Mumbai,19.1135,72.9074,-19.5,100,0
PROD-1463,Apple,Fruit,2025-06-26T20:07:43.866028,2025-07-12T20:07:43.866028,Refrigerated,DEL-02,Delhi,28.7502,77.0528,2.9,100,0
PROD-1464,Bread,Bakery,2025-07-07T20:07:43.866028,2025-07-09T20:07:43.866028,Ambient,BLR-02,Bangalore,12.9493,77.6083,19.8,84.9,0
PROD-1465,Bread,Bakery,2025-07-10T20:07:43.866028,2025-07-13T20:07:43.866028,Ambient,KOL-01,Kolkata,22.5627,88.318,22.4,84.5,0
PROD-1466,Milk,Dairy,2025-07-09T20:07:43.866028,2025-07-19T20:07:43.866028,Refrigerated,CHE-01,Chennai,13.0994,80.2926,-1.4,100,0
PROD-1467,Canned Beans,Pantry,2025-06-28T20:07:43.866028,2026-05-09T20:07:43.866028,Ambient,BLR-01,Bangalore,12.9651,77.6078,17.2,70.9,1
PROD-1468,Canned Beans,Pantry,2025-06-27T20:07:43.866028,2026-10-16T20:07:43.866028,Ambient,DEL-01,Delhi,28.7469,77.0823,16.3,72.6,0
PROD-1469,Canned Beans,Pantry,2025-06-24T20:07:43.866028,2026-09-16T20:07:43.866028,Ambient,KOL-01,Kolkata,22.603,88.3392,15.8,63.1,0
PROD-1470,Ice Cream,FrozenDessert,2025-06-27T20:07:43.866028,2026-02-08T20:07:43.866028,Frozen,KOL-01,Kolkata,22.5359,88.3708,-24.9,81.0,1
PROD-1471,Bread,Bakery,2025-07-06T20:07:43.866028,2025-07-08T20:07:43.866028,Ambient,CHE-02,Chennai,13.0834,80.229,23.1,93.6,1
PROD-1472,Milk,Dairy,2025-07-09T20:07:43.866028,2025-07-17T20:07:43.866028,Refrigerated,CHE-01,Chennai,13.0469,80.2916,3.2,100,0
PROD-1473,Bread,Bakery,2025-07-10T20:07:43.866028,2025-07-12T20:07:43.866028,Ambient,BLR-02,Bangalore,12.9945,77.6156,22.8,94.0,0
PROD-1474,Canned Beans,Pantry,2025-06-16T20:07:43.866028,2026-07-20T20:07:43.866028,Ambient,DEL-01,Delhi,28.6711,77.1363,15.4,64.8,0
PROD-1475,Milk,Dairy,2025-07-08T20:07:43.866028,2025-07-16T20:07:43.866028,Refrigerated,BLR-01,Bangalore,13.0191,77.6313,0.7,100,0
PROD-1476,Milk,Dairy,2025-07-11T20:07:43.866028,2025-07-19T20:07:43.866028,Refrigerated,BLR-02,Bangalore,12.9834,77.632,0.7,100,0
PROD-1477,Ice Cream,FrozenDessert,2025-06-28T20:07:43.866028,2025-11-04T20:07:43.866028,Frozen,MUM-03,Mumbai,19.0415,72.9151,-30,88.5,1
PROD-1478,Bread,Bakery,2025-07-06T20:07:43.866028,2025-07-09T20:07:43.866028,Ambient,DEL-01,Delhi,28.6876,77.1486,19.3,84.4,0
PROD-1479,Bread,Bakery,2025-07-08T20:07:43.866028,2025-07-10T20:07:43.866028,Ambient,MUM-02,Mumbai,19.061,72.9207,20.9,95.4,1
PROD-1480,Bread,Bakery,2025-07-11T20:07:43.866028,2025-07-12T20:07:43.866028,Ambient,MUM-03,Mumbai,19.0613,72.9092,27.6,86.0,1
PROD-1481,Ice Cream,FrozenDessert,2025-06-26T20:07:43.866028,2026-01-09T20:07:43.866028,Frozen,BLR-02,Bangalore,13.0122,77.5581,-23.8,92.2,1
PROD-1482,Milk,Dairy,2025-07-07T20:07:43.866028,2025-07-15T20:07:43.866028,Refrigerated,CHE-02,Chennai,13.0574,80.2784,-0.4,100,1
PROD-1483,Bread,Bakery,2025-07-09T20:07:43.866028,2025-07-12T20:07:43.866028,Ambient,MUM-01,Mumbai,19.0767,72.8687,19.4,90.0,0
PROD-1484,Canned Beans,Pantry,2025-07-03T20:07:43.866028,2026-08-03T20:07:43.866028,Ambient,CHE-02,Chennai,13.067,80.2511,16.8,77.8,1
PROD-1485,Bread,Bakery,2025-07-11T20:07:43.866028,2025-07-14T20:07:43.866028,Ambient,BLR-01,Bangalore,12.9257,77.5484,20.9,81.4,0
PROD-1486,Fish,Seafood,2025-06-27T20:07:43.866028,2025-08-12T20:07:43.866028,Frozen,DEL-01,Delhi,28.6854,77.1361,-21.8,100,1
PROD-1487,Milk,Dairy,2025-07-08T20:07:43.866028,2025-07-12T20:07:43.866028,Refrigerated,MUM-03,Mumbai,19.0387,72.9114,-1.3,100,1
PROD-1488,Canned Beans,Pantry,2025-06-25T20:07:43.866028,2026-05-04T20:07:43.866028,Ambient,CHE-02,Chennai,13.0536,80.2804,14.7,79.2,0
PROD-1489,Canned Beans,Pantry,2025-07-05T20:07:43.866028,2026-05-09T20:07:43.866028,Ambient,KOL-01,Kolkata,22.5628,88.3873,16.2,61.7,0
PROD-1490,Milk,Dairy,2025-07-06T20:07:43.866028,2025-07-14T20:07:43.866028,Refrigerated,KOL-01,Kolkata,22.5713,88.3286,-0.5,100,0
PROD-1491,Milk,Dairy,2025-07-10T20:07:43.866028,2025-07-18T20:07:43.866028,Refrigerated,DEL-02,Delhi,28.6755,77.0756,-2.3,100,0
PROD-1492,Carrots,Vegetable,2025-07-01T20:07:43.866028,2025-07-11T20:07:43.866028,Refrigerated,MUM-03,Mumbai,19.1214,72.9131,2.3,100,1
PROD-1493,Bread,Bakery,2025-07-08T20:07:43.866028,2025-07-10T20:07:43.866028,Ambient,DEL-02,Delhi,28.6721,77.0682,20.5,100,1
PROD-1494,Chicken,Meat,2025-07-05T20:07:43.866028,2025-07-12T20:07:43.866028,Refrigerated,KOL-01,Kolkata,22.5813,88.3369,0.2,100,0
PROD-1495,Milk,Dairy,2025-07-06T20:07:43.866028,2025-07-12T20:07:43.866028,Refrigerated,MUM-02,Mumbai,19.1012,72.8786,5.7,100,0
PROD-1496,Apple,Fruit,2025-07-05T20:07:43.866028,2025-07-19T20:07:43.866028,Refrigerated,BLR-02,Bangalore,13.0212,77.6148,1.0,100,0
PROD-1497,Canned Beans,Pantry,2025-06-22T20:07:43.866028,2026-06-26T20:07:43.866028,Ambient,DEL-01,Delhi,28.7326,77.1187,16.1,69.1,0
PROD-1498,Bread,Bakery,2025-07-10T20:07:43.866028,2025-07-13T20:07:43.866028,Ambient,MUM-01,Mumbai,19.0772,72.9129,19.1,91.1,1
PROD-1499,Bread,Bakery,2025-07-06T20:07:43.866028,2025-07-08T20:07:43.866028,Ambient,BLR-02,Bangalore,12.9357,77.5969,23.3,81.2,1
PROD-1500,Canned Beans,Pantry,2025-06-25T20:07:43.866028,2026-10-12T20:07:43.866028,Ambient,KOL-01,Kolkata,22.592,88.398,17.7,73.5,0
